,task_id,task_generation_config_json,env,domain,l1_category,l2_category,suggested_difficulty,suggested_hint,suggested_max_steps,suggested_split,metadata_json
Abhijit ,ebay/search/mechanical_watch/0,"{""_target_"": ""navi_bench.ebay.ebay_url_match.generate_task_config"",""url"": ""https://www.ebay.com"",""task"": "" I've been thinking about getting a vintage mechanical watch for a while now — something that feels classic and well-crafted rather than modern. I'm not looking for anything too flashy, so darker tones like black or brown dial color would suit me best. I don't want to overspend, but I also don't want something cheap — ideally somewhere in the $100–$500 range. Since it's a bit of a treat, I'd prefer free shipping and would rather not deal with anything used or refurbished, so only new condition please. I usually like to start by browsing the highest-priced options first within my range to get a feel for the better-quality pieces "",""gt_url"": ["" https://www.ebay.com/sch/i.html?_nkw=vintage+mechanical+watch&_udlo=100&_udhi=500&LH_BIN=1&LH_ItemCondition=1000&LH_FS=1&_sop=16&rt=nc&_stpos=&Color=Black%7CBrown&WatchMovement=Mechanical%7CAutomatic&Dial%2520Color=Black%7CBrown&_dcat=31387 ""],""location"": ""United States"",""timezone"": ""America/Chicago"",""timestamp"": null}",real,ebay,marketplace,search,hard,null,null,validation,null
Abhijit ,ebay/search//1,"{""_target_"": ""navi_bench.ebay.ebay_url_match.generate_task_config"",""url"": ""https://www.ebay.com"",""task"": "" I’m looking to do some outdoor cooking and I really need a Smoke grill, but here's the thing: it has to be Stainless Steel because I’m tired of things rusting out on me. I don’t have much space, so I’m hunting for something Portable and Medium-sized. Also—and this is the most important part—I need it to be super lightweight, definitely under 10 pounds, because I plan on carrying it around. What have you got that fits that description? "",""gt_url"": ["" https://www.ebay.com/sch/i.html?_dcat=151621&_fsrp=1&rt=nc&_from=R40&_nkw=smoke+grill&_sacat=0&Fuel%2520Type=Wood&_fcid=1&Type=Smoker&Material=Stainless%2520Steel&Features=Portable&Grill%2520Size=Medium&Item%2520Weight=Less%2520Than%252010%2520lb ""],""location"": ""United States"",""timezone"": ""America/Chicago"",""timestamp"": null}",real,ebay,marketplace,search,medium,null,null,validation,null
Abhijit ,ebay/search//2,"{""_target_"": ""navi_bench.ebay.ebay_url_match.generate_task_config"",""url"": ""https://www.ebay.com"",""task"": "" I’m looking to upgrade my kitchen gear and I've decided on a Japanese knife set, but I'm being specific about the main blade. I need it to be a Chef's Knife—nothing too small, so show me options with a blade length of 8, 9, or 10 inches. I want them to be brand new and made of Stainless Steel or Ceramic. Since they'll be my go-to tools, they need to have Universal food compatibility. Also, I’m only looking at listings that offer Free International Shipping so I don't get hit with massive delivery fees. "",""gt_url"": ["" https://www.ebay.com/sch/i.html?_nkw=japanese+knife+set&_sacat=0&_from=R40&LH_FS=1&Type=Chef%2527s%2520Knife&Blade%2520Length=8%2520in%7C10%2520in%7C9%2520in&Material=Stainless%2520Steel%7CCeramic&Food%2520Compatibility=Universal&_dcat=177005&rt=nc&LH_ItemCondition=1000 ""],""location"": ""United States"",""timezone"": ""America/Chicago"",""timestamp"": null}",real,ebay,marketplace,search,medium,null,null,validation,null
Abhijit ,ebay/search//3,"{""_target_"": ""navi_bench.ebay.ebay_url_match.generate_task_config"",""url"": ""https://www.ebay.com"",""task"": "" I’m looking to seriously upgrade my desk setup with a high-end wireless mechanical keyboard, but I’m being pretty specific about the tech. It’s got to be a Gaming model with USB-C connectivity because I’m done with proprietary cables. I’m looking for something premium—think $150 or more—and it absolutely needs to be Illuminated with a Plug & Play setup so I can just get to work. I’m sticking to a classic Black or White aesthetic and a standard QWERTY layout. "",""gt_url"": ["" https://www.ebay.com/sch/i.html?_dcat=33963&_udlo=150&_fsrp=1&rt=nc&_from=R40&Color=White%7CBlack&Type=Gaming&_nkw=wireless+mechanical+keyboard&_sacat=0&Keyboard%2520Layout=QWERTY%2520%2528Standard%2529&Connectivity=USB%252DC&Features=Plug%2520%2526%2520Play%7CIlluminated ""],""location"": ""United States"",""timezone"": ""America/Chicago"",""timestamp"": null}",real,ebay,marketplace,search,medium,null,null,validation,null
Abhijit ,ebay/search//4,"{""_target_"": ""navi_bench.ebay.ebay_url_match.generate_task_config"",""url"": ""https://www.ebay.com"",""task"": "" I’m finally upgrading the master bedroom and I need a massive bed—something in a King or California King size since we have the floor space now. Here’s the catch: I’m a total hot sleeper, so I need that Gel Memory Foam and memory foam feel but it absolutely must have Cooling Technology so I don't wake up drenched. I’m looking for that perfect 'Goldilocks' zone for firmness—somewhere between Soft and Medium Firm—and nothing too thin or ridiculously tall, so keep the profile around 8 to 12 inches. Since it's for our main room, it needs to be the Adult version, ideally Hypoallergenic with a cover I can zip off and wash to keep things clean. What’s the best high-end option that fits that vibe "",""gt_url"": ["" https://www.ebay.com/sch/i.html?_fsrp=1&rt=nc&_from=R40&_nkw=mattress&_sacat=0&_dcat=131588&Firmness=Medium%2520Firm%7CSoft&Size=California%2520King%7CKing&Thickness=11%2520%252D%252012%2520in%7C8%2520%252D%252010%2520in&Type=Memory%2520Foam%7CGel%2520Memory%2520Foam&Features=Hypoallergenic%7CCooling%2520Technology%7CRemovable%2520Cover&Department=Adults ""],""location"": ""United States"",""timezone"": ""America/Chicago"",""timestamp"": null}",real,ebay,marketplace,search,medium,null,null,validation,null
Abhijit ,ebay/search//5,"{""_target_"": ""navi_bench.ebay.ebay_url_match.generate_task_config"",""url"": ""https://www.ebay.com"",""task"": "" To get back to these specific search results through a natural, ""human"" story filled with conversational noise and indirect details, you can use the following prompt:

""I’m looking to finally pull the trigger on a serious home theater upgrade. I’ve got my heart set on a 4K OLED television because I want those perfect black levels for movie nights. I have a pretty large wall to fill, so show me something in the 60 to 80-inch range. Since I do a bit of competitive gaming, a 120Hz refresh rate is a must-have, along with HDR to really make the colors pop. I also need it to be Smart Home Compatible so I can control it with my current setup. I’m fine with either New or Used as long as it has a thin bezel for that sleek, modern look—oh, and I’m trying to be eco-conscious, so only show me units with a 10-star Energy Star rating. Give me the best matches for this. "",""gt_url"": ["" https://www.ebay.com/sch/i.html?_dcat=11071&_fsrp=1&rt=nc&_from=R40&_nkw=4k+oled+television&_sacat=0&Screen%2520Size=60%252D69%2520in%7C70%252D80%2520in&Refresh%2520Rate=120%2520Hz&Smart%2520TV%2520Features=Smart%2520Home%2520Compatible&Audio%252FVideo%2520Inputs=HDMI&Energy%2520Star=10%2520Stars&Maximum%2520Resolution=2160p%2520%25284K%2529&Display%2520Technology=OLED&LH_ItemCondition=3%7C4&Features=HDR%2520TV%7CThin%2520Bezel ""],""location"": ""United States"",""timezone"": ""America/Chicago"",""timestamp"": null}",real,ebay,marketplace,search,medium,null,null,validation,null
Abhijit ,ebay/search//6,"{""_target_"": ""navi_bench.ebay.ebay_url_match.generate_task_config"",""url"": ""https://www.ebay.com"",""task"": "" I’m looking for a sprinkler systems for gardens and farms for my lawn and some newly planted areas out back. Since I’ll be moving it around quite a bit, I’d prefer something lightweight, so plastic is fine for the material. The main thing is that I need to be able to control where the water goes, so it definitely needs to have an adjustable spray length so I'm not hitting the fence. What do you have that’s easy to set up for a standard garden? "",""gt_url"": ["" https://www.ebay.com/sch/i.html?_nkw=sprinkler+systems+for+gardens+and+farms&_sacat=0&_from=R40&Type=Oscillating%2520Sprinkler&Material=Plastic&Suitable%2520For=Planted%2520Areas%7CLawn%2520Irrigation&Features=Adjustable%2520Spray%2520Length&_dcat=20542 ""],""location"": ""United States"",""timezone"": ""America/Chicago"",""timestamp"": null}",real,ebay,marketplace,search,medium,null,null,validation,null
Abhijit ,ebay/search//7,"{""_target_"": ""navi_bench.ebay.ebay_url_match.generate_task_config"",""url"": ""https://www.ebay.com"",""task"": "" I'm looking for a new dining table set to anchor my space, and I'm really set on a Square shape to keep the seating symmetrical. I need flexibility for hosting, so show me sets that can seat 4, 6, or even 8 people. Quality is a big deal for me, so I only want to see Solid Wood—specifically Cherry or Mahogany—or even a nice Stone top. I'm sticking to a classic color palette of Black, Brown, or White so it fits the aesthetic of my dining and living area. Also, since I'm undecided on the height, show me both standard around 30 inches and counter-height around 36 inches options. "",""gt_url"": ["" https://www.ebay.com/sch/i.html?_dcat=107578&_fsrp=1&rt=nc&_from=R40&_nkw=dining+table+set&_sacat=0&Shape=Square&Material=Solid%2520Wood%7CCherry%7CMahogany%7CStone&Color=Black%7CBrown%7CWhite&Room=Dining%2520Room%7CLiving%2520Room&Seating%2520Capacity=4%7C5%7C6%7C8&Item%2520Height=29%2520%252D%252031%2520in%7C35%2520%252D%252037%2520in ""],""location"": ""United States"",""timezone"": ""America/Chicago"",""timestamp"": null}",real,ebay,marketplace,search,medium,null,null,validation,null
Abhijit ,ebay/search//8,"{""_target_"": ""navi_bench.ebay.ebay_url_match.generate_task_config"",""url"": ""https://www.ebay.com"",""task"": "" I’m on the hunt for some Ray-Ban sunglasses, but I’m being very specific about the optics. I need them to be Polarized with Glass lenses for the best clarity—polycarbonate just doesn't cut it for me. I’m looking for a Black frame made of Metal, Stainless Steel, or Acetate, and I’m interested in Round, Aviator, or Cat Eye styles to keep that Modern or Motorcycle vibe. For the lenses, I want some variety, so show me anything in Blue, Brown, Gray, Green, or Orange. Give me options that fits that premium, high-contrast look. "",""gt_url"": ["" https://www.ebay.com/sch/i.html?_dcat=79720&_fsrp=1&rt=nc&_from=R40&_nkw=ray+ban+sunglasses&_sacat=0&Frame%2520Color=Black&Lens%2520Color=Brown%7CBlue%7COrange%7CGray%7CGreen&Style=Aviator%7CRound%7CCat%2520Eye&Lens%2520Technology=Polarized&Frame%2520Material=Metal%7CStainless%2520Steel%7CAcetate&Theme=Modern%7CMotorcycle&Lens%2520Material=Glass ""],""location"": ""United States"",""timezone"": ""America/Chicago"",""timestamp"": null}",real,ebay,marketplace,search,medium,null,null,validation,null
Abhijit ,ebay/search//9,"{""_target_"": ""navi_bench.ebay.ebay_url_match.generate_task_config"",""url"": ""https://www.ebay.com"",""task"": "" I’m looking for a professional-grade under-sink water purifier for my home because I want the system completely hidden. I’m really focused on water quality and health, so show me 8-stage or 6-stage systems that include an Alkaline Ionizer to help with pH balance. It’s important that it uses Carbon or Charcoal filtration specifically to get rid of that chlorine taste and odor from the tap. Since it’s a permanent fixture, I want something durable made of Stainless Steel that comes with at least a 2-year warranty. What are the best multi-stage household options that fit that description? "",""gt_url"": ["" https://www.ebay.com/sch/i.html?_dcat=20684&_fsrp=1&rt=nc&_from=R40&_nkw=water+purifier&_sacat=0&Type=Under%2520Sink%2520Filter%7CFaucet%2520Filter%7CUnder%252DSink&Filtration%2520Method=Carbon%252FCharcoal%7CAlkaline%2520Ionizer&Suitable%2520For=Household&Material=Metal%7CStainless%2520Steel&Contaminant%2520Removal=Chlorine%2520Taste%2520%2526%2520Odor&Number%2520of%2520Filtration%2520Stages=8%252DStages%7C6%252DStages&Manufacturer%2520Warranty=2%2520Years ""],""location"": ""United States"",""timezone"": ""America/Chicago"",""timestamp"": null}",real,ebay,marketplace,search,medium,null,null,validation,null
Abhijit ,ebay/search//10,"{""_target_"": ""navi_bench.ebay.ebay_url_match.generate_task_config"",""url"": ""https://www.ebay.com"",""task"": "" I need a traditional, hard-wired CCTV camera system for a full security setup at my place. I'm looking for a complete 8-camera system that uses BNC connectivity because I want a reliable wired connection without Wi-Fi lag. The cameras have to be 1080p resolution and fully outdoor/weatherproof since they'll be wall-mounted around the exterior. Most importantly, the system needs to support automatic motion tracking and allow for manual sensitivity settings so I can fine-tune the alerts and avoid false triggers. What do you have that's ready for a professional outdoor install "",""gt_url"": ["" https://www.ebay.com/sch/i.html?_dcat=185053&_fsrp=1&rt=nc&_from=R40&_nkw=cctv+camera+system&_sacat=0&Number%2520of%2520Cameras%2520Included=8&Connectivity=BNC&Surveillance%2520Technology=CCTV&Number%2520of%2520Channels=8%7C16&Type=Complete%2520System&Features=Automatic%2520Motion%2520Tracking%7COutdoor%252FWeatherproof%7CManual%2520Sensitivity%2520setting%7CWaterproof%7CWall%2520Mounted&Maximum%2520Resolution=1920x1080 ""],""location"": ""United States"",""timezone"": ""America/Chicago"",""timestamp"": null}",real,ebay,marketplace,search,hard,null,null,validation,null
Abhijit ,ebay/search//11,"{""_target_"": ""navi_bench.ebay.ebay_url_match.generate_task_config"",""url"": ""https://www.ebay.com"",""task"": "" I’m looking to seriously upgrade my gaming setup with a 4K gaming monitor, and I want something massive—definitely in the 32 to 48-inch range. I’m a bit of a stickler for smoothness, so it needs a 144Hz refresh rate, and I’m sticking to the classic 16:9 aspect ratio since I’m not a fan of ultrawides. It’s got to have Adaptive-Sync to keep things from tearing, and since I’m hooking it up to my current gear, it needs to have HDMI inputs. What do you have in those bigger screen sizes that can actually handle high-end gaming "",""gt_url"": ["" https://www.ebay.com/sch/i.html?_dcat=80053&_fsrp=1&rt=nc&_from=R40&_nkw=4k+gaming+monitor&_sacat=0&Screen%2520Size=31%2520in%252D39%252E9%2520in%7C40%2520in%252D49%252E9%2520in&Refresh%2520Rate=144%2520Hz&Maximum%2520Resolution=3840%2520x%25202160&Video%2520Inputs=HDMI%25202%252E0%7CHDMI%2520Standard&Features=Adaptive%252DSync&Aspect%2520Ratio=16%253A9 ""],""location"": ""United States"",""timezone"": ""America/Chicago"",""timestamp"": null}",real,ebay,marketplace,search,medium,null,null,validation,null
Abhijit ,ebay/search//12,"{""_target_"": ""navi_bench.ebay.ebay_url_match.generate_task_config"",""url"": ""https://www.ebay.com"",""task"": "" I’m looking to finally sort out my garage and I need a proper, high-quality wrench set. I want a complete 22-piece kit that covers both Metric and Standard (SAE) sizes because I’m tired of never having the right one for the job. I’m looking for a mix of Combination and Ratcheting Box wrenches so I have versatility for tight spaces. Since I’ll be putting some real torque on these, they absolutely have to be made of Chrome Vanadium Steel and be Heavy Duty. I’ve got a budget between $75 and $150 to make sure I’m getting tools that actually last. What’ve you got that’s organized and ready to go? "",""gt_url"": ["" https://www.ebay.com/sch/i.html?_dcat=29527&_fsrp=1&rt=nc&_from=R40&_nkw=wrench+set&_sacat=0&System%2520of%2520Measurement=Metric%252FStandard&Type=Ratcheting%2520Box%2520Wrench%7CCombination%2520Wrench&Material=High%2520Carbon%2520Steel%7CChrome%2520Vanadium%2520Steel&Features=Heavy%2520Duty%7CAdjustable&Number%2520of%2520Pieces=22&_udlo=75&_udhi=150 ""],""location"": ""United States"",""timezone"": ""America/Chicago"",""timestamp"": null}",real,ebay,marketplace,search,medium,null,null,validation,null
Dhanashree,ebay/search/new_home_decor/3,"{""_target_"": ""navi_bench.ebay.ebay_url_match.generate_task_config"",""url"": ""https://www.ebay.com"",""task"": ""I’ve been looking to refresh a few areas in my home with home decor collection under $15-$35, especially decorative pieces that can work in both the kitchen and living room. I prefer items with a natural, slightly industrial feel—something that of solid materials like wood and metal. I also want items that are new in condition and available in buy it  now format. Since I’m ordering internationally, I’d prefer free international shipping, and I usually start by checking the newest items first to see what’s recently been added. "",""gt_url"": [""https://www.ebay.com/sch/i.html?LH_FS=1&_nkw=home+decor+collection&Material=Metal%7CWood&Room=Living%2520Room%7CKitchen&LH_ItemCondition=1000&_udlo=15&_udhi=35&_sop=10&LH_BIN=1""],""location"": ""United States"",""timezone"": ""America/Chicago"",""timestamp"": null}",real,ebay,marketplace,search,hard,null,null,validation,null
Dhanashree,ebay/search/non_slip_yoga_mat/14,"{""_target_"": ""navi_bench.ebay.ebay_url_match.generate_task_config"",""url"": ""https://www.ebay.com"",""task"": Looking for a Longines watch that brings a touch of classic elegance to my collection. I’m specifically looking for a Pre-Owned piece, as I appreciate the character and history of a vintage find. My preference is for something from the Women's department with a Case Size between 36-39.9 mm, as that mid-size fit is exactly what I’m after.
 
 I’m not looking for just any watch—I’m focused on Luxury and Classic styles that feel timeless. I usually start by looking for a ""Best Match"" among the 19 available results, keeping a close eye on standout models like the Spirit or the Master Collection that offer that perfect blend of heritage and style. "" "",""gt_url"": ["" ""],""location"": ""United States"",""timezone"": ""America/Chicago"",""timestamp"": null}",real,ebay,marketplace,search,easy,null,null,validation,null
Bheemika,ebay/search//15,"{""_target_"": ""navi_bench.ebay.ebay_url_match.generate_task_config"",""url"": ""https://www.ebay.com"",""task"": for a reliable Dyson vacuum cleaner that balances high-end performance with a more practical price. I’m specifically looking for Used models to get the best value, but I need the freedom of a Cordless design to move through the house without being tethered to a wall. Since I’m buying pre-owned, it is important that Returns are Accepted so I can shop with total peace of mind. I am particularly interested in seeing how the top-tier options like the V15 Detect. "" "",""gt_url"": ["" https://www.ebay.com/sch/i.html?_nkw=dyson+vacuum+cleaner&_sacat=0&_from=R40&LH_ItemCondition=3000&Cord%2520Type=Cordless&rt=nc&LH_RPA=1&Model=Dyson%2520V15%2520Detect&_dcat=20614 ""],""location"": ""United States"",""timezone"": ""America/Chicago"",""timestamp"": null}",real,ebay,marketplace,search,medium,null,null,validation,null
Dhanashree,ebay/search/indoor_plants/16,"{""_target_"": ""navi_bench.ebay.ebay_url_match.generate_task_config"",""url"": ""https://www.ebay.com"",""task"": ""I want to explore indoor plants with type houseplants that are suitable for home environments. I’m looking for affordable choices under $75 and prefer items with buying format as buy it now. I also want free international shipping."",""gt_url"": [""https://www.ebay.com/sch/i.html?_nkw=indoor%20plants&LH_FS=1&Type=Houseplants&LH_BIN=1&_udhi=75""],""location"": ""United States"",""timezone"": ""America/Chicago"",""timestamp"": null}",real,ebay,marketplace,search,medium,null,null,validation,null
Bheemika,ebay/search//17,"{""_target_"": ""navi_bench.ebay.ebay_url_match.generate_task_config"",""url"": ""https://www.ebay.com"",""task"": "" Searching for lighting that casts a warm, intentional glow across the canvas of my home. I am on a pilgrimage for Brand New luminaires, seeking the brilliance of White or Yellow hues to define the atmosphere of my sanctuary.I am moving past shadows and dim corners, allowing the ""Best Match"" "",""gt_url"": ["" https://www.ebay.com/sch/i.html?_fsrp=1&_nkw=lights+&_oaa=1&_vs=1&rt=nc&LH_ItemCondition=3&Color=Yellow%7CWhite&_dcat=6028 ""],""location"": ""United States"",""timezone"": ""America/Chicago"",""timestamp"": null}",real,ebay,marketplace,search,medium,null,null,validation,null
Bheemika,ebay/search//18,"{""_target_"": ""navi_bench.ebay.ebay_url_match.generate_task_config"",""url"": ""https://www.ebay.com"",""task"": "" trying to find a gardening saw that brings efficiency and ease to my outdoor projects. I’m specifically looking for a Used tool, as I appreciate finding high-quality gear that still has plenty of work left to do. I’m focusing on a very specific budget—more interested in functional pieces between $8 and $15—to ensure I'm getting the best utility for the price.
 
 Safety and reliability are key, so I prefer listings where Returns are Accepted just in case the tool isn't quite right for my grip. I usually start by looking at the ""Best Match"" to see which items stand ou "",""gt_url"": [""https://www.ebay.com/sch/i.html?_fsrp=1&rt=nc&_from=R40&LH_RPA=1&_nkw=gardening+saw&_sacat=0&LH_ItemCondition=4&_udlo=8&_udhi=15 ""],""location"": ""United States"",""timezone"": ""America/Chicago"",""timestamp"": null}",real,ebay,marketplace,search,easy,null,null,validation,null
Bheemika,ebay/search//19,"{""_target_"": ""navi_bench.ebay.ebay_url_match.generate_task_config"",""url"": ""https://www.ebay.com"",""task"": A frind of mine suggested to install an chandelier and I cannot stop imagining that in my home, that weaves a sense of gothic heritage into the heart of my Living Room. I’m on a quest for something Brand New but steeped in Antique and Traditional souls, where the shadows of a deep Black finish meet the brilliance of light. I’m moving past the realm of trivial trinkets, seeking instead the gravity of Chandelier or Pendant centerpieces that command a value over $60. To protect my journey, I only walk paths where Returns are Accepted, allowing the tides of ""Newly Listed"" arrivals to guide my hand. "" "",""gt_url"": ["" https://www.ebay.com/sch/i.html?_nkw=chandelier&_sacat=0&_from=R40&_fsrp=1&_udlo=60&LH_RPA=1&_sop=10&Style=Traditional%7CAntique&Room=Living%2520Room&Color=Black&Type=Pendant%7CChandelier&_dcat=117503&rt=nc&LH_ItemCondition=1000 ""],""location"": ""United States"",""timezone"": ""America/Chicago"",""timestamp"": null}",real,ebay,marketplace,search,hard,null,null,validation,null
Bheemika,ebay/search//20,"{""_target_"": ""navi_bench.ebay.ebay_url_match.generate_task_config"",""url"": ""https://www.ebay.com"",""task"": "" a wall clock that adds a natural and warm touch to my Living Room. I’m specifically looking for a Brand New piece made of Wood, ensuring it’s Battery-Operated for easy placement. I’d prefer a clean palette of Black or White to match my decor. I’m staying within a practical budget, looking for options between $16 and $25 that offer reliable quality. Peace of mind is important to me, so I focus on listings where Returns are Accepted "",""gt_url"": ["" https://www.ebay.com/sch/i.html?_nkw=wall+clock&_sacat=0&_from=R40&_fsrp=1&LH_RPA=1&LH_ItemCondition=1000&Material=Wood&Features=Battery%252DOperated&Room=Living%2520Room&Color=Beige%7CBlack%7CWhite&_dcat=20561&rt=nc&_udlo=16&_udhi=25 ""],""location"": ""United States"",""timezone"": ""America/Chicago"",""timestamp"": null}",real,ebay,marketplace,search,medium,null,null,validation,null
Bheemika,ebay/search//21,"""{""""_target_"""": """"navi_bench.ebay.ebay_url_match.generate_task_config"""",""""url"""": """"https://www.ebay.com"""",""""task"""": """"Thinking of gifting a rug  to a friend that adds a vibrant and artistic soul to her home. I’m specifically looking for something Brand New to ensure a fresh start for herspace. she would prefer Multicolor palette with a detailed Floral pattern, blending Traditional elegance with a Bohemian spirit.
I’m keeping my search over $60, looking for quality accents . Because I want to shop with confidence, I prioritize listings where Returns are Accepted incase she dont like them."""",""""gt_url"""": ["""" https://www.ebay.com/sch/i.html?_nkw=rugs&_sacat=0&_from=R40&LH_TitleDesc=0&_fsrp=1&LH_RPA=1&Color=Multicolor&Style=Traditional%7CBohemian&Pattern=Floral&_dcat=20571&LH_ItemCondition=3&rt=nc&_udlo=60 """"],""""location"""": """"United States"""",""""timezone"""": """"America/Chicago"""",""""timestamp"""": null}""
",real,ebay,marketplace,search,medium,null,null,validation,null
Bheemika,ebay/search//22,"{""_target_"": ""navi_bench.ebay.ebay_url_match.generate_task_config"",""url"": ""https://www.ebay.com"",""task"": "" We are shifting home soon and I am trying find a wooden coffee table that brings a natural and sturdy anchor to my living space. I’m specifically looking for an Indoor piece in a rich Brown finish to complement my existing furniture. I’m not looking for small accents, I’m focused on higher-quality, substantial tables over $60 that feel like a long-term investment.Since I want a smooth experience for such a large item, I prioritize listings where Returns are Accepted. I usually start by browsing through the results sorted by ""Newly Listed"" to see the freshest arrivals "",""gt_url"": ["" https://www.ebay.com/sch/i.html?_nkw=wooden+coffe+table&_sacat=0&_from=R40&_fsrp=1&_udlo=60&LH_RPA=1&Type=Coffee%2520Table&Color=Brown&Indoor%252FOutdoor=Indoor&_dcat=38204&_sop=10 ""],""location"": ""United States"",""timezone"": ""America/Chicago"",""timestamp"": null}",real,ebay,marketplace,search,medium,null,null,validation,null
Bheemika,ebay/search//23,"{""_target_"": ""navi_bench.ebay.ebay_url_match.generate_task_config"",""url"": ""https://www.ebay.com"",""task"": ""I am updating my kitchenwares thus searching for a collection of water glasses that brings a crystal-clear clarity to the sanctuary of my Kitchen and Dining space. I am on a quest for something Brand New and untouched, specifically crafted as Drinking Glass sets made of Glass or Ceramic.
 I am navigating away from common vessels, focusing my sights on Sale Items that command a value over $60. To guard my pursuit, I only entertain offerings where Returns are Accepted, also would like to look fo rthe lowest items and earliest shipping first "",""gt_url"": ["" https://www.ebay.com/sch/i.html?_oaa=1&_dcat=20696&_fsrp=1&_udlo=60&rt=nc&_from=R40&Material=Glass%7CCeramic&LH_ItemCondition=3&LH_RPA=1&Glassware%2520Type=Drinking%2520Glass&_nkw=water+glasses&_sacat=20625&_sop=15&LH_SaleItems=1""],""location"": ""United States"",""timezone"": ""America/Chicago"",""timestamp"": null}",real,ebay,marketplace,search,medium,null,null,validation,null
Bheemika,ebay/search//24,"{""_target_"": ""navi_bench.ebay.ebay_url_match.generate_task_config"",""url"": ""https://www.ebay.com"",""task"": ""  Searching for a bottle opener that brings a touch of effortless utility and a distinct character to my home bar. I am on a pilgrimage for Brand New tools, seeking the crisp reliability of a fresh start within a focused price range of $8 to $11. I am navigating away from the ordinary, letting the ""Best Match"" guide me toward artifacts that offer peace of mind through Accepted Returns."",""gt_url"": [""https://www.ebay.com/sch/i.html?_nkw=bottle+opener&_sacat=0&_from=R40&LH_ItemCondition=1000&_udlo=8&_udhi=11&rt=nc&LH_RPA=1 ""],""location"": ""United States"",""timezone"": ""America/Chicago"",""timestamp"": null}",real,ebay,marketplace,search,medium,null,null,validation,null
Abhijit ,ebay/category//1,"{""_target_"": ""navi_bench.ebay.ebay_url_match.generate_task_config"",""url"": ""https://www.ebay.com"",""task"": "" so I’m looking to pick up a Sony console, but I’m being pretty picky about this one. I’m really hunting for something that’s basically like new—so let’s stick to 'Open Box' listings. I don't want to deal with a beat-up used unit. Since I’ll be downloading a fair amount of stuff, it needs to have at least 500GB of storage. I’ve set aside a decent budget for this, so show me options that are $350 or higher because I’m looking for a premium bundle or a limited edition, not a bargain-bin find. Oh, and I’m only interested if it has free shipping—I hate getting hit with those extra fees at checkout. "",""gt_url"": ["" https://www.ebay.com/b/Sony-Video-Game-Consoles/139971/bn_64861690?LH_FS=1&LH_ItemCondition=1500&LH_PrefLoc=1&Storage%2520Capacity=500%2520GB&_udlo=350&mag=1&rt=nc "", "" https://www.ebay.com/sch/i.html?_oaa=1&_dcat=1249&_udlo=350&_fsrp=1&LH_FS=1&rt=nc&Platform=Sony%2520PlayStation%25204&LH_PrefLoc=98&_nkw=Sony&_sacat=1249&LH_ItemCondition=4 ""],""location"": ""United States"",""timezone"": ""America/Chicago"",""timestamp"": null}",real,ebay,marketplace,category,medium,null,null,validation,null
Abhijit ,ebay/category//2,"{""_target_"": ""navi_bench.ebay.ebay_url_match.generate_task_config"",""url"": ""https://www.ebay.com"",""task"": "" I'm looking for a heavy-duty metal dog collar specifically designed for training my big Rottweiler dog. Since I'm working with a very large breed, it needs to be a choke collar or a prong-style chain made of durable metal like chrome or steel in XL size. Most importantly, it has to be adjustable so I can get the perfect fit for a large neck. Show me some professional-grade options that are built for strength and control. "",""gt_url"": ["" https://www.ebay.com/b/XL-Metal-Dog-Collars/63057/bn_42092421?Type=Choke%2520Collar&Features=Adjustable&mag=1 ""],""location"": ""United States"",""timezone"": ""America/Chicago"",""timestamp"": null}",real,ebay,marketplace,category,easy,null,null,validation,null
Abhijit ,ebay/category//3,"{""_target_"": ""navi_bench.ebay.ebay_url_match.generate_task_config"",""url"": ""https://www.ebay.com"",""task"": "" I'm looking for a  cat carrier bag in black that's versatile enough for travel. I'd like to see options in both fabric and plastic materials—specifically those backpack-style carriers with the bubble windows or breathable mesh. I need something sleek that can handle a cat up to 20 lbs and is ideally airline approved for cabin travel. What are the best-rated portable options "",""gt_url"": ["" https://www.ebay.com/b/Cat-Carriers-Crates/116362/bn_1850506?Type=Carrier%2520Bag&Material=Plastic%7CFabric&Color=Black&mag=1 ""],""location"": ""United States"",""timezone"": ""America/Chicago"",""timestamp"": null}",real,ebay,marketplace,category,medium,null,null,validation,null
Abhijit ,ebay/category//4,"{""_target_"": ""navi_bench.ebay.ebay_url_match.generate_task_config"",""url"": ""https://www.ebay.com"",""task"": "" I’m looking for a high-quality harmonica to gift to a close friend. I’m not sure exactly where they are in their journey, so I’d like to see options suitable for both Beginners and Advanced players. It needs to be a durable instrument with a Brass or Gold Brass body and a sleek Chrome finish so it looks like a premium gift. Since they’ll likely be carrying it around to jam sessions, please make sure it’s Lightweight and made of Metal. What are the best-looking, professional-grade models you have that would make a great present? "",""gt_url"": ["" https://www.ebay.com/b/Harmonicas/47078/bn_1865317?Experience%2520Level=Beginner%7CAdvanced&Body%2520Material=Brass%7CMetal%7CGold%2520Brass&Finish%2520Material=Chrome&Features=Lightweight&mag=1 ""],""location"": ""United States"",""timezone"": ""America/Chicago"",""timestamp"": null}",real,ebay,marketplace,category,medium,null,null,validation,null
Abhijit ,ebay/category//5,"{""_target_"": ""navi_bench.ebay.ebay_url_match.generate_task_config"",""url"": ""https://www.ebay.com"",""task"": "" I’m looking for a brand new baby monitor for a smart nursery setup, and since money is no object, it can be expensive so I know I'm getting a quality unit. I want something that is smartphone capable with Wi-Fi and Bluetooth connectivity so I can check in from my phone. The camera must have Infrared Vision for clear night monitoring. Most importantly, it needs to be compatible with my smart home ecosystem, specifically Amazon Alexa or Apple HomeKit, so I can view the feed on my smart displays. What are the best-rated premium options available? "",""gt_url"": ["" https://www.ebay.com/b/Baby-Monitors/20435/bn_2313847?Features=Camera%7CInfrared%2520Vision%7CSmartphone%2520Capable&LH_ItemCondition=1000&Smart%2520Home%2520Compatibility=Apple%2520HomeKit%7CAmazon%2520Alexa&Smart%2520Home%2520Protocol=Wi%252DFi%7CBluetooth&_udlo=75&mag=1&rt=nc ""],""location"": ""United States"",""timezone"": ""America/Chicago"",""timestamp"": null}",real,ebay,marketplace,category,easy,null,null,validation,null
Abhijit ,ebay/category//6,"{""_target_"": ""navi_bench.ebay.ebay_url_match.generate_task_config"",""url"": ""https://www.ebay.com"",""task"": "" I need a reliable secondary burner for my small kitchen that doesn't feel like a cheap temporary fix. Show me some brand new electric or gas hot plates that cost more than $50 to ensure they are built to last. I need a unit with at least 4 distinct programs or settings for better control over my cooking. I'm looking for something modern and compact, that fits into a minimalist aesthetic. "",""gt_url"": ["" https://www.ebay.com/b/Hot-Plates-Plates/177751/bn_105709540?LH_ItemCondition=1500%7C1000&Number%2520of%2520Settings%252FPrograms=4&Power%2520Source=Electric%7CGas&_udlo=50&mag=1&rt=nc ""],""location"": ""United States"",""timezone"": ""America/Chicago"",""timestamp"": null}",real,ebay,marketplace,category,hard,null,null,validation,null
Abhijit ,ebay/category//7,"{""_target_"": ""navi_bench.ebay.ebay_url_match.generate_task_config"",""url"": ""https://www.ebay.com"",""task"": "" I need a high-performance new grooming set that isn't too bulky for travel but still feels professional. Please find kits that include a badger hair shaving brush with a smaller 20mm knot and a metal-handled razor for durability. It must be a full kit with extra blades included. I'm interested in brands like Bevel or other weighted, chrome-finished sets that offer a classic barbershop feel. "",""gt_url"": ["" https://www.ebay.com/b/Shaving-Grooming-Kits-Sets/106315/bn_221466?LH_ItemCondition=1000&Handle%2520Material=Metal&Brush%2520Material=Badger%2520Hair&Set%2520Includes=Brush%7CRazor%2520Blades&Knot%2520Size=20%2520mm&mag=1 ""],""location"": ""United States"",""timezone"": ""America/Chicago"",""timestamp"": null}",real,ebay,marketplace,category,hard,null,null,validation,null
Abhijit ,ebay/category//8,"{""_target_"": ""navi_bench.ebay.ebay_url_match.generate_task_config"",""url"": ""https://www.ebay.com"",""task"": "" Searching for a 29"" wheel bike that commands the trail with a sense of relentless momentum. I am on a quest for a machine that bridges the gap between raw power and refined engineering, focusing my intent on a precise price ceiling under $750 to ensure my investment is as sharp as my ride.I am navigating toward high-performance builds, specifically seeking those that honor the spirit of the dirt with Returns Accepted to guard my journey against the unknown. I allow the ""Best Match"" to act as my scout "",""gt_url"": [""https://www.ebay.com/b/29-Wheel-Bikes/177831/bn_1868050?_udhi=750&LH_RPA=1&mag=1  "", "" https://www.ebay.com/sch/i.html?_dcat=177831&_fsrp=1&_udlo=35&rt=nc&_from=R40&LH_RPA=1&_nkw=bicycles&_sacat=0&Wheel%2520Size=29%2520in ""],""location"": ""United States"",""timezone"": ""America/Chicago"",""timestamp"": null}",real,ebay,marketplace,category,medium,null,null,validation,null
Abhijit ,ebay/category//9,"{""_target_"": ""navi_bench.ebay.ebay_url_match.generate_task_config"",""url"": ""https://www.ebay.com"",""task"": "" I want to find some unique, high-end cup and saucer sets for my tea service that have a classic mid-century feel. I’m looking for authentic pieces manufactured between 1940 and 1949 in patterns like American Brilliant or Apple Blossom. I’m willing to spend more than $35 to ensure I’m getting pieces in excellent condition from reputable names like Haviland or Franciscan. I'd love to see some jumbo sizes or footed styles that really stand out."",""gt_url"": ["" https://www.ebay.com/b/Decorative-Cookware-Dinnerware-Serveware/262364/bn_7117887164?Pattern=American%2520Brilliant%7CApple%7CAntique%2520Rose%7CApplejack&Time%2520Period%2520Manufactured=1940%252D1949&Type=Cup%2520%2526%2520Saucer&_udlo=35&mag=1&rt=nc ""],""location"": ""United States"",""timezone"": ""America/Chicago"",""timestamp"": null}",real,ebay,marketplace,category,medium,null,null,validation,null
Abhijit ,ebay/category//10,"{""_target_"": ""navi_bench.ebay.ebay_url_match.generate_task_config"",""url"": ""https://www.ebay.com"",""task"": "" I need some Open Box luxury lighting for a dining area that feels contemporary and bright. I'm looking for a silver-toned chandelier made of glass that requires hardwired power. I’m interested in a mix of styles—from crystal drum mounts to taper candle styles—but they must be in like-new condition and priced as a bargain. I’m particularly interested in mid-to-high-tier brands like West Elm or Elegant Lighting. "",""gt_url"": ["" https://www.ebay.com/b/Glass-Dining-Room-Silver-Chandeliers-Ceiling-Fixtures/117503/bn_109707548?LH_ItemCondition=1500&Power%2520Source=Hardwired&Type=Chandelier&mag=1&rt=nc ""],""location"": ""United States"",""timezone"": ""America/Chicago"",""timestamp"": null}",real,ebay,marketplace,category,medium,null,null,validation,null
Abhijit ,ebay/category//11,"{""_target_"": ""navi_bench.ebay.ebay_url_match.generate_task_config"",""url"": ""https://www.ebay.com"",""task"": "" I need a sleek, brand-new black electric toothbrush that’s designed for life on the road. It must be a rechargeable model that comes with its own travel case and charging base. Since I have sensitive gums, I'm specifically looking for a brush with soft bristles and a built-in pressure control sensor to prevent over-brushing. A timer is also a must-have to keep my routine consistent while I'm away. "",""gt_url"": ["" https://www.ebay.com/b/Black-Charger-Charging-Base-Electric-Toothbrushes/31770/bn_85893129?Features=Timer%7CRechargeable%7CSoft%2520Bristles%7CTravel%2520Case%7CPressure%2520Control&LH_ItemCondition=1000&mag=1&rt=nc ""],""location"": ""United States"",""timezone"": ""America/Chicago"",""timestamp"": null}",real,ebay,marketplace,category,hard,null,null,validation,null
Dhanashree,ebay/category/digital_camera/12,"{""_target_"": ""navi_bench.ebay.ebay_url_match.generate_task_config"",""url"": ""https://www.ebay.com"",""task"": ""I’ve been looking for a digital camera for content creation under electronics category. I prefer models that support 1080p HD video recording feature. I also want the charger included in the same. I’m focusing on new itemswith price above $300. I usually only consider best offer along with deals and savings listing and start by checking the newest available options."",""gt_url"": [""https://www.ebay.com/b/Digital-Cameras/31388/bn_779?Charger%2520Included=Yes&Features=1080p%2520HD%2520Video%2520Recording&LH_BO=1&LH_ItemCondition=1000&LH_Savings=1&_sop=10&_udlo=300""],""location"": ""United States"",""timezone"": ""America/Chicago"",""timestamp"": null}",real,ebay,marketplace,category,medium,null,null,validation,null
Dhanashree,ebay/category/musical_instruments_free_local_pickup/13,"{""_target_"": ""navi_bench.ebay.ebay_url_match.generate_task_config"",""url"": ""https://www.ebay.com"",""task"": ""I’ve been looking into musical instruments and related gear under books, movies and music category, but I’m specifically interested in used condition options. I’m trying to stay within a moderate budget of $80-$400 and prefer listings with best offer format. I also want items that are locally accessible and provide free local pickup. I usually focus on listings that are marked as good deals or savings, and I prefer to prioritize items that are close to ending soon so I don’t miss out."",""gt_url"": [""https://www.ebay.com/b/Musical-Instruments-Gear/619/bn_1865601?LH_BO=1&LH_ItemCondition=4&LH_LPickup=1&LH_Savings=1&_sop=1&_udhi=400&_udlo=80""],""location"": ""United States"",""timezone"": ""America/Chicago"",""timestamp"": null}",real,ebay,marketplace,category,hard,null,null,validation,null
Dhanashree,ebay/category/best_offer_makeup_products/14,"{""_target_"": ""navi_bench.ebay.ebay_url_match.generate_task_config"",""url"": ""https://www.ebay.com"",""task"": ""I’ve been looking to refresh my makeup products under Health and beauty category with full-sized products. I prefer items that are completely new with box. I would like best offer as buying format, and I want items with free international shipping. I also prefer products item location as US only, and I usually start by checking the newest listings first."",""gt_url"": [""https://www.ebay.com/b/Full-Size-Makeup-Products/31786/bn_109761770?LH_PrefLoc=1&LH_FS=1&LH_BO=1&LH_ItemCondition=1000&_sop=10""],""location"": ""United States"",""timezone"": ""America/Chicago"",""timestamp"": null}",real,ebay,marketplace,category,hard,null,null,validation,null
Dhanashree,ebay/category/golf_equipments/15,"{""_target_"": ""navi_bench.ebay.ebay_url_match.generate_task_config"",""url"": ""https://www.ebay.com"",""task"": ""Trying to find golf equiments under all category, structured fitness training gear for high-intensity workouts, especially crossfit performance with vest product type. I prefer men’s fit,between range $140-$280, with free international shipping and usually begin by evaluating lowest total cost options first."",""gt_url"": [""https://www.ebay.com/b/Golf-Equipment/1513/bn_1849088?Department=Men&LH_FS=1&LH_ItemCondition=4&Performance%252FActivity=CrossFit&Type=Vest&_sop=15&_udhi=280&_udlo=140""],""location"": ""United States"",""timezone"": ""America/Chicago"",""timestamp"": null}",real,ebay,marketplace,category,hard,null,null,validation,null
Dhanashree,ebay/category/samsung_smatphone/16,"{""_target_"": ""navi_bench.ebay.ebay_url_match.generate_task_config"",""url"": ""https://www.ebay.com"",""task"": ""I’ve been looking for a reliable samsung smartphone under Cell phones and Accessories category that supports 3D face recognition feature. I prefer a black coloured device with Dual Sim. I’m specifically interested in prepaid Contract type options. I want higher priced model above $350."",""gt_url"": [""https://www.ebay.com/b/Samsung-Cell-Phones-and-Smartphones/9355/bn_352130?Color=Black&Features=3D%2520Face%2520Recognition&SIM%2520Card%2520Slot=Dual%2520SIM%2520%2528SIM%2520%252B%2520eSIM%2529&Contract=Prepaid&_udlo=350""],""location"": ""United States"",""timezone"": ""America/Chicago"",""timestamp"": null}",real,ebay,marketplace,category,hard,null,null,validation,null
Dhanashree,ebay/category/fish_and_aquarium/17,"{""_target_"": ""navi_bench.ebay.ebay_url_match.generate_task_config"",""url"": ""https://www.ebay.com"",""task"": ""I’m working on a new aquarium setup and need supplies for Fish and Aquarium under Pet supplies category that are compatible with all water types. I prefer items in new condition and buy it now format within price range $35-$100. I also need free international shipping and usually start by browsing the most recently added listings."",""gt_url"": [""https://www.ebay.com/b/All-Water-Type-Fish-and-Aquarium-Supplies/20754/bn_827429?LH_BIN=1&LH_FS=1&LH_ItemCondition=1000&_sop=10&_udhi=100&_udlo=35""],""location"": ""United States"",""timezone"": ""America/Chicago"",""timestamp"": null}",real,ebay,marketplace,category,hard,null,null,validation,null
Dhanashree,ebay/category/entryway_furniture/18,"{""_target_"": ""navi_bench.ebay.ebay_url_match.generate_task_config"",""url"": ""https://www.ebay.com"",""task"": ""Searching for furniture under Hone and Garden category, especially for shared spaces like the entryway and living room. I prefer furniture pieces that feel warm and neutral, mainly in earthy tones like beige and brown. I’m only interested in items that are new in condiiton within price range of $75-$150. I also want free international shipping without extra cost, and I usually pay attention to listings that are close to ending so I don’t miss out."",""gt_url"": [""https://www.ebay.com/b/Home-Furniture/3197/bn_1642075?LH_FS=1&LH_ItemCondition=1000&Color=Beige%7CBrown&Room=Entryway%7CLiving%2520Room&_udlo=75&_udhi=150&_sop=1""],""location"": ""United States"",""timezone"": ""America/Chicago"",""timestamp"": null}",real,ebay,marketplace,category,hard,null,null,validation,null
Dhanashree,ebay/category/antique_world_coins/19,"{""_target_"": ""navi_bench.ebay.ebay_url_match.generate_task_config"",""url"": ""https://www.ebay.com"",""task"": ""Searching for world coins under collectibles and art category that have cultural or antique significance of year 1500. I’m open to higher-value items above $50 and prefer buy it now format. I usually compare listings by looking at the highest total cost first, including shipping, to understand premium items in the collection space."",""gt_url"": [""https://www.ebay.com/b/World-Coins/256/bn_1851558?LH_BIN=1&Year=1500&_sop=16&_udlo=50""],""location"": ""United States"",""timezone"": ""America/Chicago"",""timestamp"": null}",real,ebay,marketplace,category,medium,null,null,validation,null
Dhanashree,ebay/category/balenciaga_handbag/20,"{""_target_"": ""navi_bench.ebay.ebay_url_match.generate_task_config"",""url"": ""https://www.ebay.com"",""task"": ""Looking for a Balenciaga handbag under clothing and accessories category for casual occasions. I prefer a clutch-style design in a medium size that can still carry essentials comfortably. I’m drawn to earthy tones for exterior of handbag like brown. I'm focusing on price range $750-$1500 but with items only with deals and savings."",""gt_url"": [""https://www.ebay.com/b/Balenciaga-Bags-Handbags-for-Women/169291/bn_724671?Exterior%2520Color=Brown&Style=Clutch&Size=Medium&Occasion=Casual&_udlo=750&_udhi=1500&LH_Savings=1""],""location"": ""United States"",""timezone"": ""America/Chicago"",""timestamp"": null}",real,ebay,marketplace,category,hard,null,null,validation,null
Bheemika,ebay/category//21,"{""_target_"": ""navi_bench.ebay.ebay_url_match.generate_task_config"",""url"": ""https://www.ebay.com"",""task"": Searching for LEGO building toys that offer a complex and rewarding challenge for the seasoned architect. I am on a mission to find treasures that bridge the gap between simple play and intricate artistry, specifically targeting the Age Level of 16+ to satisfy a more mature creative hunger. I am navigating away from entry-level kits, focusing my intent on finding substantial value within a precise price range of $15 to $35. I allow the ""Best Match"" algorithm to sift through the vast sea of bricks"" "",""gt_url"": [""https://www.ebay.com/b/LEGO-Building-Toys/183446/bn_1929326?Age%2520Level=16%2B&_udhi=35&_udlo=15&mag=1&rt=nc"",""https://www.ebay.com/sch/i.html?_dcat=19006&_fsrp=1&rt=nc&_from=R40&_nkw=LEGO+Building+Toys&_sacat=0&Age%2520Level=16%252B&_udlo=15&_udhi=35 ""],""location"": ""United States"",""timezone"": ""America/Chicago"",""timestamp"": null}",real,ebay,marketplace,category,medium,null,null,validation,null
Bheemika,ebay/category//22,"{""_target_"": ""navi_bench.ebay.ebay_url_match.generate_task_config"",""url"": ""https://www.ebay.com"",""task"": ""Trying to find a cylindrical décor basket that brings an organized yet artisanal soul to my Home Décor, that offer a clean, vertical rhythm to the room, navigating toward pieces that command a value over $35 to ensure a sense of lasting substance, I allow the ""Best Match"" to distill the finest craftsmanship from the collection, keeping a watchful eye for rare textures "",""gt_url"": ["" https://www.ebay.com/b/Decor-Baskets/125072/bn_2312207?Shape=Cylindrical&_udlo=35&mag=1&rt=nc"", ""https://www.ebay.com/sch/i.html?_nkw=Cylindrical%20D%C3%A9cor%20Baskets&_sacat=0&_from=R40&_fsrp=1&_udlo=35&rt=nc ""],""location"": ""United States"",""timezone"": ""America/Chicago"",""timestamp"": null}",real,ebay,marketplace,category,hard,null,null,validation,null
Bheemika,ebay/category//23,"{""_target_"": ""navi_bench.ebay.ebay_url_match.generate_task_config"",""url"": ""https://www.ebay.com"",""task"": "" Trying to find hair extensions or a wig that brings a transformative confidence and a seamless, natural flow to my style. I am on a quest for Brand New pieces, ensuring that every strand is pristine and untouched.I am moving past the realm of basic accessories, focusing my intent on premium investments over $100 where the quality of the fiber or human hair is the true priority. To safeguard my journey, I only walk paths where Returns are Accepted, allowing the ""Best Match"" to reveal the most acclaimed craftsmanship "",""gt_url"": ["" https://www.ebay.com/b/Hair-Extensions-Wigs/182101/bn_1521521?_udlo=100&LH_ItemCondition=1000&LH_RPA=1&mag=1"", "" https://www.ebay.com/sch/i.html?_nkw=Hair+Extensions+%26+Wigs&_sacat=0&_from=R40&_fsrp=1&_udlo=35&_oaa=1&_dcat=182101&LH_ItemCondition=1000&rt=nc&LH_RPA=1 ""],""location"": ""United States"",""timezone"": ""America/Chicago"",""timestamp"": null}",real,ebay,marketplace,category,easy,null,null,validation,null
Bheemika,ebay/category//24,"{""_target_"": ""navi_bench.ebay.ebay_url_match.generate_task_config"",""url"": ""https://www.ebay.com"",""task"": "" Searching for a portable dog house that offers a sanctuary of comfort for my companion's travels. I am on a quest for Brand New dwellings, ensuring a pristine and welcoming start for every adventure.I am navigating toward quality shelters, focusing my intent on finding reliable value within a precise price range of $55 to $95. I allow the ""Best Match"" algorithm to act as my scout through this collection of mobile homes "",""gt_url"": [""https://www.ebay.com/b/Portable-Dog-Houses/108884/bn_7702589?LH_ItemCondition=1000&_udhi=95&_udlo=55&mag=1&rt=nc "", ""https://www.ebay.com/sch/i.html?_nkw=portable+dog+house&_sacat=0&_from=R40&_fsrp=1&_udlo=35&LH_RPA=1&rt=nc&LH_ItemCondition=3&Features=Portable&_dcat=108884 ""],""location"": ""United States"",""timezone"": ""America/Chicago"",""timestamp"": null}",real,ebay,marketplace,category,hard,null,null,validation,null
Bheemika,ebay/category//25,"{""_target_"": ""navi_bench.ebay.ebay_url_match.generate_task_config"",""url"": ""https://www.ebay.com"",""task"": "" have to gift my younger brother for his new hobby a guitar or bass that hums with the spirit of a seasoned performer. I am on a quest for Pre-Owned instruments, seeking those that carry the resonance of past melodies within their wood.
I am navigating toward premium craftsmanship, focusing my intent on professional-grade investments over $1,100 where the soul of the tone is the true priority. I allow the ""Best Match"" to guide me through this gallery of icons "",""gt_url"": [""https://www.ebay.com/b/Guitars-Basses/3858/bn_1865236?LH_ItemCondition=3000&_udlo=1100&mag=1&rt=nc , "" "" https://www.ebay.com/sch/i.html?_nkw=guitar+or+bass&_sacat=0&_from=R40&LH_TitleDesc=0&_fsrp=1&_udlo=35&LH_RPA=1&rt=nc&LH_ItemCondition=4 ""],""location"": ""United States"",""timezone"": ""America/Chicago"",""timestamp"": null}",real,ebay,marketplace,category,hard,null,null,validation,null
Mustafa,etsy/brands//0,"{""target"": ""navi_bench.ebay.ebay_url_match.generate_task_config"", ""url"": ""https://www.ebay.com"", ""task"": ""I’m looking to treat myself to a classic rolex mens watch. I’ve been obsessed with the Rolex Oyster Perpetual lately, but I have relatively thin wrists, so I need something with a smaller profile—ideally staying within the 28-31.9 mm range for the case size. I really prefer the look and feel of a leather band over metal bracelets, so that's a must-have. Since I'm ordering from abroad, I want to avoid high delivery costs, so please ensure the results include free international shipping. I'd like to see the very latest options available, so please sort the listings by newly listed items."", ""gt_url"": [""https://www.ebay.com/sch/i.html?_nkw=rolex+mens+watch&_sacat=0&LH_FS=1&Case%2520Size=28%252D31%252E9%2520mm&Model=Rolex%2520Oyster%2520Perpetual&Band%2520Material=Leather&_dcat=31387&_sop=10"", ""https://www.ebay.com/b/Rolex/bn_21834331?Band%2520Material=Leather&Case%2520Size=28%252D31%252E9%2520mm&LH_FS=1&Model=Rolex%2520Oyster%2520Perpetual&_sop=10""], ""location"": ""United States"", ""timezone"": ""America/Chicago"", ""timestamp"": null}",real,ebay,marketplace,brands,easy,null,null,validation,null
Mustafa,etsy/brands//1,"{""target"": ""navi_bench.ebay.ebay_url_match.generate_task_config"", ""url"": ""https://www.ebay.com"", ""task"": ""I'm feeling a bit nostalgic and want to find a specific vibe for a gala next month. Can you look on eBay for a Louis Vuitton bag? It needs to be a clutch and specifically a small size because I don't want to carry much. I’m really into that 90s theme right now, and it has to have gold hardware to match my jewelry. Just let me know what the names of the bags are and how much they’re going for."", ""gt_url"": [""https://www.ebay.com/b/Louis-Vuitton-Bags-Handbags-for-Women/169291/bn_747219?Style=Clutch&Size=Small&Hardware%2520Color=Gold&Theme=90s"", ""https://www.ebay.com/sch/i.html?_dcat=169291&Hardware%2520Color=Gold&Size=Small&_nkw=Louis+Vuitton+bags&_sacat=0&Style=Clutch&Theme=90s""], ""location"": ""United States"", ""timezone"": ""America/Chicago"", ""timestamp"": null}",real,ebay,marketplace,brands,hard,null,null,validation,null
Mustafa,etsy/brands//2,"{""target"": ""navi_bench.ebay.ebay_url_match.generate_task_config"", ""url"": ""https://www.ebay.com"", ""task"": ""I’m looking for a pair of Apple airpods but I’m on a strict budget, so I want to find them in Open Box condition to save some cash. Can you check eBay for the 1100 Series? I definitely need them to have Active Noise Cancellation for my commute. Can you sort earbuds by the lowest price plus shipping so I can see the absolute cheapest option first? Just give me the product name and the total cost."", ""gt_url"": [""https://www.ebay.com/b/Apple-Cell-Phone-Headsets/80077/bn_320622?Features=Active%2520Noise%2520Cancellation&LH_ItemCondition=1500&Model=1100%2520Series&Type=Earbud%2520%2528In%2520Ear%2529&_sop=15"", ""https://www.ebay.com/sch/i.html?_dcat=80077&_nkw=apple+airpods&_sacat=0&LH_ItemCondition=1500&Model=1100%2520Series&Features=Active%2520Noise%2520Cancellation&Type=Earbud%2520%2528In%2520Ear%2529&_sop=15""], ""location"": ""United States"", ""timezone"": ""America/Chicago"", ""timestamp"": null}",real,ebay,marketplace,brands,medium,null,null,validation,null
Mustafa,etsy/brands//3,"{""target"": ""navi_bench.ebay.ebay_url_match.generate_task_config"", ""url"": ""https://www.ebay.com"", ""task"": ""I’m looking for a reliable work-from-home setup and I've always had good luck with Dell laptops. I need something portable but not too tiny, so stick to a 14-14.9 inch screen. It’s mostly for multitasking, so it needs exactly 12 GB of RAM, and I specifically want the Intel Core i5 6300U processor. I'm trying to be eco-friendly and save some money, so only show me certified refurbished options. Let me know if any pop up on eBay!"", ""gt_url"": [""https://www.ebay.com/b/Dell-Laptops-Netbooks/177/bn_352905?RAM%2520Size=12%2520GB&Screen%2520Size=14%252D14%252E9%2520in&Processor=6300U%252C%2520Core%2520i5&LH_ItemCondition=2000"", ""https://www.ebay.com/sch/i.html?_dcat=177&_nkw=dell+laptops&_sacat=0&Screen%2520Size=14%252D14%252E9%2520in&RAM%2520Size=12%2520GB&LH_ItemCondition=2000&Processor=6300U%252C%2520Core%2520i5""], ""location"": ""United States"", ""timezone"": ""America/Chicago"", ""timestamp"": null}",real,ebay,marketplace,brands,hard,null,null,validation,null
Mustafa,etsy/brands//4,"{""target"": ""navi_bench.ebay.ebay_url_match.generate_task_config"", ""url"": ""https://www.ebay.com"", ""task"": ""I'm looking for a very specific pair of Levi's for a beach trip. Can you check eBay for blue cotton jeans, but I want them in a Capri style? I need a Size Large (Regular) with a short 26-inch inseam. I'm trying to keep it cheap, so definitely under $30. I know it's a bit of a niche request, so just let me know if any listings actually show up or if I need to change my search!"", ""gt_url"": [""https://www.ebay.com/b/Levis-Mens-Jeans/11483/bn_700176?Size=L&Size%2520Type=Regular&Inseam=26%2520in&Color=Blue&Style=Capri&Material=Cotton&_udhi=30"", ""https://www.ebay.com/sch/i.html?_dcat=11483&Size%2520Type=Regular&Size=L&_nkw=levis+jeans&_sacat=0&Inseam=26%2520in&Color=Blue&Material=Cotton&_udhi=30&Style=Capri""], ""location"": ""United States"", ""timezone"": ""America/Chicago"", ""timestamp"": null}",real,ebay,marketplace,brands,hard,null,null,validation,null
Abhijit ,etsy/brands//5,"{""_target_"": ""navi_bench.ebay.ebay_url_match.generate_task_config"",""url"": ""https://www.ebay.com"",""task"": "" I’m looking for a new, limited edition 1:20 scale Gundam model kit. I want something from the Hyper Hybrid Model line that is suitable for an advanced builder. Show me exclusive science fiction releases from the mid-2000s that are still factory-sealed. "",""gt_url"": ["" https://www.ebay.com/b/gundam/bn_21826119?LH_ItemCondition=3&Theme=Science%2520Fiction&Features=Limited%2520Edition&Scale=1%253A20&Type=Model%2520Kit&Age%2520Level=12%252D16%2520Years&mag=1 ""],""location"": ""United States"",""timezone"": ""America/Chicago"",""timestamp"": null}",real,ebay,marketplace,brands,hard,null,null,validation,null
Abhijit ,etsy/brands//6,"{""_target_"": ""navi_bench.ebay.ebay_url_match.generate_task_config"",""url"": ""https://www.ebay.com"",""task"": "" Show me some high-end Nintendo Switch consoles in great used condition that offer the best bang for my buck. I'm looking for a unit with 512 GB of storage capacity and a price tag under $410. Please prioritize bundles that come with extras like physical games or protective cases, especially the OLED models. "",""gt_url"": ["" https://www.ebay.com/b/Nintendo-Switch-Consoles/139971/bn_7116325214?LH_ItemCondition=3000&Storage%2520Capacity=512%2520GB&_udhi=410&_udlo=290&mag=1&rt=nc ""],""location"": ""United States"",""timezone"": ""America/Chicago"",""timestamp"": null}",real,ebay,marketplace,brands,medium,null,null,validation,null
Abhijit ,etsy/brands//7,"{""_target_"": ""navi_bench.ebay.ebay_url_match.generate_task_config"",""url"": ""https://www.ebay.com"",""task"": "" Show me the best deals on OMEGA watches manufactured between the years 2000 and 2009. I am looking for a Quartz model that costs less than $1,500. It needs to be a mid-sized watch, so look for a case size in the 32mm to 39.9mm range. I’m particularly interested in the OMEGA Constellation Perpetual Calendar or the Constellation Quadra Chronograph if they are in good condition "",""gt_url"": ["" https://www.ebay.com/b/OMEGA/bn_21832131?Case%2520Size=36%252D39%252E9%2520mm%7C32%252D35%252E9%2520mm&Movement=Quartz&Year%2520Manufactured=2000%252D2009&_udhi=1500&mag=1&rt=nc ""],""location"": ""United States"",""timezone"": ""America/Chicago"",""timestamp"": null}",real,ebay,marketplace,brands,hard,null,null,validation,null
Abhijit ,etsy/brands//8,"{""_target_"": ""navi_bench.ebay.ebay_url_match.generate_task_config"",""url"": ""https://www.ebay.com"",""task"": "" I’m looking for a brand-new 1967 Shelby GT-500 Hot Wheels car to add to my collection. I want to see premium, collector-level versions, so please filter for New items priced over $15. I'm specifically hunting for the 100% Hot Wheels 'Black Box' limited editions or the Modern Classics series from the 1967 era that are still factory sealed. "",""gt_url"": ["" https://www.ebay.com/b/Hot-Wheels/bn_21826803?LH_ItemCondition=3&Vehicle%2520Make=Shelby&Vehicle%2520Year=1967&Year%2520of%2520Manufacture=1967&_udlo=15&mag=1&rt=nc ""],""location"": ""United States"",""timezone"": ""America/Chicago"",""timestamp"": null}",real,ebay,marketplace,brands,medium,null,null,validation,null
Abhijit ,etsy/brands//9,"{""_target_"": ""navi_bench.ebay.ebay_url_match.generate_task_config"",""url"": ""https://www.ebay.com"",""task"": "" I need a high-quality, new stainless steel Starbucks tumbler for my daily coffee. I prefer a clean white aesthetic and am looking for modern reproductions or collaboration pieces. I'm especially interested in 16 oz insulated cups that come in a crisp white finish "",""gt_url"": ["" https://www.ebay.com/b/Starbucks/bn_21836007?Color=White&Featured%2520Refinements=Starbucks%2520Tumbler%7CStarbucks%2520Stainless%2520Steel%2520Tumbler%7CStarbucks%2520Icon%2520Mug&LH_ItemCondition=3&Original%252FReproduction=Reproduction&mag=1&rt=nc ""],""location"": ""United States"",""timezone"": ""America/Chicago"",""timestamp"": null}",real,ebay,marketplace,brands,hard,null,null,validation,null
Abhijit ,etsy/brands//10,"{""_target_"": ""navi_bench.ebay.ebay_url_match.generate_task_config"",""url"": ""https://www.ebay.com"",""task"": "" I need to find the original 2005 General Grievous LEGO set with the Boga mount. I’m okay with pre-owned listings, but I’m specifically looking for ones that include the original packaging/box. I'm trying to recreate the experience of when these sets first launched during the final prequel film, so please show me vintage listings that match those specific details "",""gt_url"": ["" https://www.ebay.com/b/Lego/bn_21829135?Features=Vintage&LEGO%2520Character=General%2520Grievous&LEGO%2520Theme=Star%2520Wars&LH_ItemCondition=4&Packaging=Box&Release%2520Year=2005&mag=1&rt=nc ""],""location"": ""United States"",""timezone"": ""America/Chicago"",""timestamp"": null}",real,ebay,marketplace,brands,hard,null,null,validation,null
Abhijit ,etsy/brands//11,"{""_target_"": ""navi_bench.ebay.ebay_url_match.generate_task_config"",""url"": ""https://www.ebay.com"",""task"": "" I'm looking for a brand new Garmin watch that's built for serious data tracking and outdoor endurance. I want a larger display that's easy to read during a workout, so please filter for a case size between 44mm and 48mm. I'm specifically interested in the Fenix 5 Sapphire or similar rugged models that are in pristine, unused condition. "",""gt_url"": ["" https://www.ebay.com/b/Garmin-Wristwatches/31387/bn_56286638?Case%2520Size=44%252D47%252E9%2520mm&LH_ItemCondition=1000&mag=1&rt=nc ""],""location"": ""United States"",""timezone"": ""America/Chicago"",""timestamp"": null}",real,ebay,marketplace,brands,hard,null,null,validation,null
Dhanashree,etsy/brands/puma_with_neutral_tones/12,"{""_target_"": ""navi_bench.ebay.ebay_url_match.generate_task_config"",""url"": ""https://www.ebay.com"",""task"": ""Explore casual lifestyle items from a PUMA under all brands section. I prefer neutral and versatile colors like beige, black, brown, and blue. I only want items that are new in condition and available forbuy it now format. I also want free international shippingwith price ranges between $35-$150, and I usually start by comparing the highest-priced options first to understand the premium end of the range."",""gt_url"": [""https://www.ebay.com/b/PUMA/bn_21833519?Color=Beige%7CBlack%7CBlue%7CBrown&LH_BIN=1&LH_FS=1&LH_ItemCondition=3&_sop=16&_udhi=150&_udlo=35""],""location"": ""United States"",""timezone"": ""America/Chicago"",""timestamp"": null}",real,ebay,marketplace,brands,easy,null,null,validation,null
Dhanashree,etsy/brands/casio_men_wristwatch/13,"{""_target_"": ""navi_bench.ebay.ebay_url_match.generate_task_config"",""url"": ""https://www.ebay.com"",""task"": ""I’ve been trying to find a classic stye casio wristwatch under all brands section that feels understated and elegant. I prefer analog type designs with a silver band colour and a clean aesthetic suitable for mens. I’m only considering new condition items and prefer higher-end pieces likely above $350. I usually look at trusted watch brands and start by checking the most recently listed options."",""gt_url"": [""https://www.ebay.com/b/Casio/bn_21821887?Band%2520Color=Silver&Department=Men&Display=Analog&LH_ItemCondition=3&Style=Classic&_sop=10&_udlo=350""],""location"": ""United States"",""timezone"": ""America/Chicago"",""timestamp"": null}",real,ebay,marketplace,brands,hard,null,null,validation,null
Dhanashree,etsy/category/women_category/01,"{""_target_"": ""navi_bench.ebay.ebay_url_match.generate_task_config"",""url"": ""https://www.ebay.com"",""task"": ""I want to browse women’s section under clothing and accessories category with new-with-tags condition focusing on department women, preference on higher-quality items above $75. I prefer options with best offers and free international shipping. Also, i want listings with deals & savings alsong with returns accepted. I usually start by checking the newest listings."",""gt_url"": [""https://www.ebay.com/b/Womens-Clothing-Shoes-Accessories/260010/bn_7116391826?Department=Women&LH_BO=1&LH_FS=1&LH_ItemCondition=1000&LH_RPA=1&LH_Savings=1&_sop=10&_udlo=75""],""location"": ""United States"",""timezone"": ""America/Chicago"",""timestamp"": null}",real,ebay,marketplace,category,medium,null,null,validation,null
Bheemika,etsy/brands//15,"{""_target_"": ""navi_bench.ebay.ebay_url_match.generate_task_config"",""url"": ""https://www.ebay.com"",""task"": "" Searching for a Fujifilm digital camera that captures the soul of the moment with vintage-inspired precision. I am on a pilgrimage for Pre-Owned gear, seeking Compact bodies that have already seen the world and are ready for a second life in my hands. I am navigating a specific path, focusing my intent on finding professional-grade relics within a price range of $150 to $350. I allow the ""Best Match"" to filter the noise of the marketplace"",""gt_url"": [""https://www.ebay.com/b/Fujifilm/bn_21825363?Brand=Fujifilm&LH_ItemCondition=4&Type=Compact&_udhi=350&_udlo=150&mag=1&rt=nc "", "" https://www.ebay.com/sch/i.html?_nkw=Fujifilm&_sacat=0&_from=R40&_fsrp=1&_udlo=35&LH_RPA=1&rt=nc&LH_ItemCondition=3000&Type=Compact&_dcat=31388 ""],""location"": ""United States"",""timezone"": ""America/Chicago"",""timestamp"": null}",real,ebay,marketplace,brands,medium,null,null,validation,null
Bheemika,etsy/brands//16,"{""_target_"": ""navi_bench.ebay.ebay_url_match.generate_task_config"",""url"": ""https://www.ebay.com"",""task"": "" Searching for Levi's apparel that brings the enduring legacy of American denim into my wardrobe. I am on a quest for Brand New pieces, seeking the crisp, unyielding quality of fresh denim that is ready to be broken in. I am navigating toward reliable, mid-range staples, focusing my intent on finding authentic value within a precise price range of $35 to $75. I allow the ""Best Match"" to distill the vast collection of fits and washes"",""gt_url"": [""https://www.ebay.com/b/Levis/bn_21829227?LH_ItemCondition=3&_udhi=75&_udlo=35&mag=1&rt=nc"", ""https://www.ebay.com/sch/i.html?_nkw=levi%27s&_sacat=0&_from=R40&_fsrp=1&_udlo=35&LH_RPA=1&rt=nc&LH_ItemCondition=1000 ""],""location"": ""United States"",""timezone"": ""America/Chicago"",""timestamp"": null}",real,ebay,marketplace,brands,medium,null,null,validation,null
Bheemika,etsy/brands//17,"{""_target_"": ""navi_bench.ebay.ebay_url_match.generate_task_config"",""url"": ""https://www.ebay.com"",""task"": "" Searching for a 29"" wheel bike that commands the trail with a sense of relentless momentum. I am on a quest for a machine that bridges the gap between raw power and refined engineering, focusing my intent on a precise price ceiling under $750 to ensure my investment is as sharp as my ride.I am navigating toward high-performance builds, specifically seeking those that honor the spirit of the dirt with Returns Accepted to guard my journey against the unknown. I allow the ""Best Match"" to act as my scout "",""gt_url"": [""https://www.ebay.com/b/29-Wheel-Bikes/177831/bn_1868050?_udhi=750&LH_RPA=1&mag=1  "", "" https://www.ebay.com/sch/i.html?_dcat=177831&_fsrp=1&_udlo=35&rt=nc&_from=R40&LH_RPA=1&_nkw=bicycles&_sacat=0&Wheel%2520Size=29%2520in ""],""location"": ""United States"",""timezone"": ""America/Chicago"",""timestamp"": null}",real,ebay,marketplace,brands,hard,null,null,validation,null
Bheemika,etsy/brands//18,"{""_target_"": ""navi_bench.ebay.ebay_url_match.generate_task_config"",""url"": ""https://www.ebay.com"",""task"": "" Searching for Kate Spade accessories that bring a playful yet sophisticated charm to the Women's department of my wardrobe. I am on a pilgrimage for Brand New treasures, specifically seeking the supple, enduring touch of Leather to anchor my collection. "",""gt_url"": [""https://www.ebay.com/b/Kate-Spade/bn_21828159?Department=Women&LH_ItemCondition=3&Material=Leather&mag=1&rt=nc "", ""https://www.ebay.com/sch/i.html?_nkw=kate+spade+accessories&_sacat=0&_from=R40&_fsrp=1&_udlo=35&LH_RPA=1&rt=nc&LH_ItemCondition=1000&Material=Leather&_dcat=4251 ""],""location"": ""United States"",""timezone"": ""America/Chicago"",""timestamp"": null}",real,ebay,marketplace,brands,hard,null,null,validation,null
Bheemika,etsy/brands//19,"{""_target_"": ""navi_bench.ebay.ebay_url_match.generate_task_config"",""url"": ""https://www.ebay.com"",""task"": "" Searching for Prada accessories and apparel that bring the architectural elegance of Italian luxury into the Women's department of my collection. I am on a pilgrimage for Pre-Owned treasures, seeking pieces that have already lived through the high-fashion circuit and are ready for a new chapter. I am navigating a precise channel, focusing my intent on finding authentic value with a price ceiling under $350. I allow the ""Best Match"" algorithm "",""gt_url"": ["" https://www.ebay.com/b/PRADA/bn_21833299?Department=Women&LH_ItemCondition=4&_udhi=350&mag=1&rt=nc "", ""https://www.ebay.com/sch/i.html?_sacat=0&_from=R40&_fsrp=1&_nkw=prada%20accessories%20and%20apparel&LH_RPA=0&LH_ItemCondition=4&Department=Women&_dcat=260010&rt=nc&_udhi=350 ""],""location"": ""United States"",""timezone"": ""America/Chicago"",""timestamp"": null}",real,ebay,marketplace,brands,hard,null,null,validation,null
Dhanashree,etsy/brands/brand_lacoste_under_budget/20,"{""_target_"": ""navi_bench.ebay.ebay_url_match.generate_task_config"",""url"": ""https://www.ebay.com"",""task"": ""Searching for the Locaoste under all brands section. I prefer neutral and metallic tones like black, brown, gold, and silver. I’m focusing on department men with more affordable options within a lower-mid budget range of $35-$75. I also prefer listings with best offer. Since I like checking fresh listings, I usually start with recently added items."",""gt_url"": [""https://www.ebay.com/b/Lacoste/bn_21828819?Color=Black%7CBrown%7CGold%7CSilver&Department=Men&LH_BO=1&_sop=10&_udhi=75&_udlo=35""],""location"": ""United States"",""timezone"": ""America/Chicago"",""timestamp"": null}",real,ebay,marketplace,brands,hard,null,null,validation,null
Bheemika,etsy/brands//21,"{""_target_"": ""navi_bench.ebay.ebay_url_match.generate_task_config"",""url"": ""https://www.ebay.com"",""task"": Trying to find a PANDORA piece for mothers day gift that adds a refined touch of elegance to my jewelry collection. I’m specifically looking for Bracelets in Brand New condition, as I want something pristine and ready to wear or gift. I’d prefer a striking mix of Gold or White tones, crafted from high-quality Silver, Yellow Gold, or Rhodium Plated metals. I’m not focused on budget-friendly charms—I’m more interested in premium, higher-end pieces over $150. I usually start by sorting for the highest price to find the most luxurious items afterall its for my mom "" "",""gt_url"": ["" https://www.ebay.com/b/PANDORA/bn_21832527?Color=Gold%7CWhite&LH_ItemCondition=3&Metal=Silver%7CYellow%2520Gold%7CRhodium%2520Plated&Type=Bracelet&_sop=16&_udlo=150&mag=1&rt=nc ""],""location"": ""United States"",""timezone"": ""America/Chicago"",""timestamp"": null}",real,ebay,marketplace,brands,easy,null,null,validation,null
Bheemika,etsy/brands//22,"{""_target_"": ""navi_bench.ebay.ebay_url_match.generate_task_config"",""url"": ""https://www.ebay.com"",""task"": Trying to find a Jabra headset that delivers professional-grade audio for both deep focus and clear communication. I’m looking for something Brand New and high-quality, specifically an Over-the-Ear design that provides total comfort for long stretches of time. I’d prefer a Bluetooth connection to stay wireless and mobile. I’m not looking for entry-level gear I’m more interested in mid-to-high range pieces between $150 and $350 where quality is the priority "" "",""gt_url"": ["" https://www.ebay.com/b/Jabra/bn_21827371?Connectivity=Bluetooth&LH_ItemCondition=3&Type=Ear%252DCup%2520%2528Over%2520the%2520Ear%2529&_udhi=350&_udlo=150&mag=1&rt=nc, https://www.ebay.com/sch/i.html?_nkw=jabra%20over%20the%20ear%20&_sacat=0&_from=R40&_dcat=112529&Brand=Jabra&Type=Ear%252DCup%2520%2528Over%2520the%2520Ear%2529&Connectivity=Bluetooth&_udlo=150&_udhi=350&rt=nc ""],""location"": ""United States"",""timezone"": ""America/Chicago"",""timestamp"": null}",real,ebay,marketplace,brands,easy,null,null,validation,null
Bheemika,etsy/brands//23,"{""_target_"": ""navi_bench.ebay.ebay_url_match.generate_task_config"",""url"": ""https://www.ebay.com"",""task"": ""for a Longines watch that brings a touch of classic elegance to my collection. I’m specifically looking for a Pre-Owned piece, as I appreciate the character and history of a vintage find. My preference is for something from the Women's department with a Case Size between 36-39.9 mm, as that mid-size fit is exactly what I’m after.I’m not looking for just any watch—I’m focused on Luxury and Classic styles that feel timeless "",""gt_url"": [""https://www.ebay.com/b/Longines/bn_21829579?Department=Women&Case%2520Size=36%252D39%252E9%2520mm&LH_ItemCondition=4&Style=Luxury%7CClassic&mag=1"" , ""https://www.ebay.com/sch/i.html?_nkw=longines+watches+&_sacat=0&_from=R40&rt=nc&LH_ItemCondition=3000&Department=Women&Case%2520Size=36%252D39%252E9%2520mm&Style=Luxury%7CClassic&_dcat=31387 ""],""location"": ""United States"",""timezone"": ""America/Chicago"",""timestamp"": null}",real,ebay,marketplace,brands,easy,null,null,validation,null
Bheemika,etsy/brands//24,"{""_target_"": ""navi_bench.ebay.ebay_url_match.generate_task_config"",""url"": ""https://www.ebay.com"",""task"": I’m looking for a gift for my friend. He plays golf, so I think a new pair of sunglasses would be a great choice—maybe Ray-Bans. I’m considering a black frame with black aviator-style lenses. I think this would suit his personality. I hope he likes it.."" "",""gt_url"": [""https://www.ebay.com/b/Ray-Ban/bn_21833799?Frame%2520Color=Black&LH_ItemCondition=3&Style=Aviator&mag=1&rt=nc"",   https://www.ebay.com/sch/i.html?_nkw=ray+ban+aviator+sunglasses&_sacat=0&_from=R40&Frame%2520Color=Black&rt=nc&LH_ItemCondition=1000&Lens%2520Color=Black&_dcat=79720 ""],""location"": ""United States"",""timezone"": ""America/Chicago"",""timestamp"": null} ",real,ebay,marketplace,brands,easy,null,null,validation,null
Bheemika,etsy/brands//25,"{""_target_"": ""navi_bench.ebay.ebay_url_match.generate_task_config"",""url"": ""https://www.ebay.com"",""task"": Searching for Valentino fragrances that bring a sense of Roman opulence and contemporary edge to my collection. I am on a pilgrimage for Brand New treasures, navigating a curated gallery of over 14,000 results to find the pieces that resonate with a high-fashion soul. I am moving past the ordinary, focusing my intent on finding substantial luxury within a precise price range of $150 to $750. I allow the ""Best Match"" algorithm to distill the finest scents"" "",""gt_url"":[""https://www.ebay.com/b/valentino/bn_21837739?LH_ItemCondition=3&_udlo=150&_udhi=750&mag=1 "", ""https://www.ebay.com/sch/i.html?_nkw=valentino%20fragrance&_sacat=0&_from=R40&_fsrp=1&LH_RPA=0&_udhi=750&LH_ItemCondition=1000&rt=nc&_udlo=150"" ],""location"": ""United States"",""timezone"": ""America/Chicago"",""timestamp"": null}",real,ebay,marketplace,brands,easy,null,null,validation,null