task_id,task_generation_config,env,domain,l1_category,l2_category,suggested_difficulty,suggested_hint,suggested_max_steps,suggested_split,metadata
hotels_com/basic_search/0,"{""_target_"": ""navi_bench.hotels_com.hotels_com_url_match.generate_task_config"", ""url"": ""https://www.hotels.com/"", ""task"": ""Find hotels in New York for 2 adults, checking in on {checkinDate} and checking out on {checkoutDate}. I just need 1 room."", ""gt_url"": [""https://www.hotels.com/Hotel-Search?destination=New%20York&startDate={checkinDate}&endDate={checkoutDate}&adults=2&rooms=1""], ""location"": ""United States"", ""timezone"": ""America/New_York"", ""values"": {""checkinDate"": ""{now() + timedelta(14)}"", ""checkoutDate"": ""{now() + timedelta(18)}""}, ""timestamp"": null}",real,hotels_com,travel,hotel_search,easy,Straightforward search with basic parameters. No tricks.,30,train,null
hotels_com/basic_search/1,"{""_target_"": ""navi_bench.hotels_com.hotels_com_url_match.generate_task_config"", ""url"": ""https://www.hotels.com/"", ""task"": ""I need a hotel in Paris for 1 adult. Check-in {checkinDate}, check-out {checkoutDate}. Single room please."", ""gt_url"": [""https://www.hotels.com/Hotel-Search?destination=Paris&startDate={checkinDate}&endDate={checkoutDate}&adults=1&rooms=1""], ""location"": ""France"", ""timezone"": ""Europe/Paris"", ""values"": {""checkinDate"": ""{now() + timedelta(10)}"", ""checkoutDate"": ""{now() + timedelta(13)}""}, ""timestamp"": null}",real,hotels_com,travel,hotel_search,easy,Simple single-adult hotel search in Paris.,30,train,null
hotels_com/basic_search/2,"{""_target_"": ""navi_bench.hotels_com.hotels_com_url_match.generate_task_config"", ""url"": ""https://www.hotels.com/"", ""task"": ""Search for hotels in Tokyo for 2 adults from {checkinDate} to {checkoutDate}. We need 1 room."", ""gt_url"": [""https://www.hotels.com/Hotel-Search?destination=Tokyo&startDate={checkinDate}&endDate={checkoutDate}&adults=2&rooms=1""], ""location"": ""Japan"", ""timezone"": ""Asia/Tokyo"", ""values"": {""checkinDate"": ""{now() + timedelta(21)}"", ""checkoutDate"": ""{now() + timedelta(25)}""}, ""timestamp"": null}",real,hotels_com,travel,hotel_search,easy,Basic search in Tokyo. No filters or sort.,30,train,null
hotels_com/basic_search/3,"{""_target_"": ""navi_bench.hotels_com.hotels_com_url_match.generate_task_config"", ""url"": ""https://www.hotels.com/"", ""task"": ""Looking for hotels in London. 3 adults, 1 room. Checking in {checkinDate}, checking out {checkoutDate}."", ""gt_url"": [""https://www.hotels.com/Hotel-Search?destination=London&startDate={checkinDate}&endDate={checkoutDate}&adults=3&rooms=1""], ""location"": ""United Kingdom"", ""timezone"": ""Europe/London"", ""values"": {""checkinDate"": ""{now() + timedelta(7)}"", ""checkoutDate"": ""{now() + timedelta(10)}""}, ""timestamp"": null}",real,hotels_com,travel,hotel_search,easy,Basic 3-adult search. No distractions.,30,train,null
hotels_com/basic_search/4,"{""_target_"": ""navi_bench.hotels_com.hotels_com_url_match.generate_task_config"", ""url"": ""https://www.hotels.com/"", ""task"": ""Find me a hotel in Dubai for 2 adults. One room. Check-in {checkinDate} and check-out {checkoutDate}. We're celebrating our anniversary but that doesn't matter for the search."", ""gt_url"": [""https://www.hotels.com/Hotel-Search?destination=Dubai&startDate={checkinDate}&endDate={checkoutDate}&adults=2&rooms=1""], ""location"": ""United Arab Emirates"", ""timezone"": ""Asia/Dubai"", ""values"": {""checkinDate"": ""{now() + timedelta(28)}"", ""checkoutDate"": ""{now() + timedelta(32)}""}, ""timestamp"": null}",real,hotels_com,travel,hotel_search,easy,Anniversary mention is a red herring. Just a basic search.,30,train,null
hotels_com/basic_search/5,"{""_target_"": ""navi_bench.hotels_com.hotels_com_url_match.generate_task_config"", ""url"": ""https://www.hotels.com/"", ""task"": ""I need a place to stay in Barcelona. Arriving {checkinDate}, departing {checkoutDate}. 2 adults, 1 room."", ""gt_url"": [""https://www.hotels.com/Hotel-Search?destination=Barcelona&startDate={checkinDate}&endDate={checkoutDate}&adults=2&rooms=1""], ""location"": ""Spain"", ""timezone"": ""Europe/Madrid"", ""values"": {""checkinDate"": ""{now() + timedelta(15)}"", ""checkoutDate"": ""{now() + timedelta(19)}""}, ""timestamp"": null}",real,hotels_com,travel,hotel_search,easy,Simple Barcelona search. Departing means check-out.,30,train,null
hotels_com/basic_search/6,"{""_target_"": ""navi_bench.hotels_com.hotels_com_url_match.generate_task_config"", ""url"": ""https://www.hotels.com/"", ""task"": ""Hotel search for Miami Beach area. 4 adults, 2 rooms. Check-in {checkinDate}, check-out {checkoutDate}. We're going for a conference but just find the hotels."", ""gt_url"": [""https://www.hotels.com/Hotel-Search?destination=Miami&startDate={checkinDate}&endDate={checkoutDate}&adults=4&rooms=2""], ""location"": ""United States"", ""timezone"": ""America/New_York"", ""values"": {""checkinDate"": ""{now() + timedelta(12)}"", ""checkoutDate"": ""{now() + timedelta(15)}""}, ""timestamp"": null}",real,hotels_com,travel,hotel_search,easy,Multi-room basic search. Conference mention is irrelevant.,30,train,null
hotels_com/sort_search/0,"{""_target_"": ""navi_bench.hotels_com.hotels_com_url_match.generate_task_config"", ""url"": ""https://www.hotels.com/"", ""task"": ""Find the cheapest hotels in New York for 2 adults, 1 room. Checking in {checkinDate}, checking out {checkoutDate}. Sort results by price from lowest to highest."", ""gt_url"": [""https://www.hotels.com/Hotel-Search?destination=New%20York&startDate={checkinDate}&endDate={checkoutDate}&adults=2&rooms=1&sort=PRICE_LOW_TO_HIGH""], ""location"": ""United States"", ""timezone"": ""America/New_York"", ""values"": {""checkinDate"": ""{now() + timedelta(14)}"", ""checkoutDate"": ""{now() + timedelta(18)}""}, ""timestamp"": null}",real,hotels_com,travel,hotel_search,medium,Must apply sort=PRICE_LOW_TO_HIGH. Explicit instruction.,35,train,null
hotels_com/sort_search/1,"{""_target_"": ""navi_bench.hotels_com.hotels_com_url_match.generate_task_config"", ""url"": ""https://www.hotels.com/"", ""task"": ""Search for hotels in London sorted by guest rating. 2 adults, 1 room. {checkinDate} to {checkoutDate}. Show me the best-reviewed places first."", ""gt_url"": [""https://www.hotels.com/Hotel-Search?destination=London&startDate={checkinDate}&endDate={checkoutDate}&adults=2&rooms=1&sort=GUEST_RATING""], ""location"": ""United Kingdom"", ""timezone"": ""Europe/London"", ""values"": {""checkinDate"": ""{now() + timedelta(21)}"", ""checkoutDate"": ""{now() + timedelta(24)}""}, ""timestamp"": null}",real,hotels_com,travel,hotel_search,medium,Must map best-reviewed to sort=GUEST_RATING.,35,train,null
hotels_com/sort_search/2,"{""_target_"": ""navi_bench.hotels_com.hotels_com_url_match.generate_task_config"", ""url"": ""https://www.hotels.com/"", ""task"": ""I want to see hotels closest to the city center in Paris. 2 adults, 1 room. {checkinDate} to {checkoutDate}. Sort by distance."", ""gt_url"": [""https://www.hotels.com/Hotel-Search?destination=Paris&startDate={checkinDate}&endDate={checkoutDate}&adults=2&rooms=1&sort=DISTANCE""], ""location"": ""France"", ""timezone"": ""Europe/Paris"", ""values"": {""checkinDate"": ""{now() + timedelta(10)}"", ""checkoutDate"": ""{now() + timedelta(14)}""}, ""timestamp"": null}",real,hotels_com,travel,hotel_search,medium,Must map closest to city center to sort=DISTANCE.,35,train,null
hotels_com/sort_search/3,"{""_target_"": ""navi_bench.hotels_com.hotels_com_url_match.generate_task_config"", ""url"": ""https://www.hotels.com/"", ""task"": ""Show me the most expensive hotels in Dubai first. 2 adults, 1 room, {checkinDate} to {checkoutDate}. I want luxury options at the top."", ""gt_url"": [""https://www.hotels.com/Hotel-Search?destination=Dubai&startDate={checkinDate}&endDate={checkoutDate}&adults=2&rooms=1&sort=PRICE_HIGH_TO_LOW""], ""location"": ""United Arab Emirates"", ""timezone"": ""Asia/Dubai"", ""values"": {""checkinDate"": ""{now() + timedelta(18)}"", ""checkoutDate"": ""{now() + timedelta(22)}""}, ""timestamp"": null}",real,hotels_com,travel,hotel_search,medium,Must map most expensive first to sort=PRICE_HIGH_TO_LOW.,35,train,null
hotels_com/filter_combo/0,"{""_target_"": ""navi_bench.hotels_com.hotels_com_url_match.generate_task_config"", ""url"": ""https://www.hotels.com/"", ""task"": ""Find 4-star and 5-star hotels in New York for 2 adults. Check-in {checkinDate}, check-out {checkoutDate}. 1 room. Only luxury properties please."", ""gt_url"": [""https://www.hotels.com/Hotel-Search?destination=New%20York&startDate={checkinDate}&endDate={checkoutDate}&adults=2&rooms=1&f-star-rating=4,5""], ""location"": ""United States"", ""timezone"": ""America/New_York"", ""values"": {""checkinDate"": ""{now() + timedelta(14)}"", ""checkoutDate"": ""{now() + timedelta(18)}""}, ""timestamp"": null}",real,hotels_com,travel,hotel_search,medium,Must apply star rating filter. Luxury = 4 and 5 star.,35,validation,null
hotels_com/filter_combo/1,"{""_target_"": ""navi_bench.hotels_com.hotels_com_url_match.generate_task_config"", ""url"": ""https://www.hotels.com/"", ""task"": ""Search for hotels in London with free cancellation. 2 adults, 1 room. {checkinDate} to {checkoutDate}. I want the flexibility to cancel if plans change."", ""gt_url"": [""https://www.hotels.com/Hotel-Search?destination=London&startDate={checkinDate}&endDate={checkoutDate}&adults=2&rooms=1&paymentType=FREE_CANCELLATION""], ""location"": ""United Kingdom"", ""timezone"": ""Europe/London"", ""values"": {""checkinDate"": ""{now() + timedelta(21)}"", ""checkoutDate"": ""{now() + timedelta(25)}""}, ""timestamp"": null}",real,hotels_com,travel,hotel_search,medium,Must apply paymentType=FREE_CANCELLATION filter.,35,validation,null
hotels_com/filter_combo/2,"{""_target_"": ""navi_bench.hotels_com.hotels_com_url_match.generate_task_config"", ""url"": ""https://www.hotels.com/"", ""task"": ""Hotels in Tokyo with WiFi and pool. 2 adults, 1 room. {checkinDate} to {checkoutDate}. These amenities are non-negotiable -- I need to work remotely and my wife wants to swim."", ""gt_url"": [""https://www.hotels.com/Hotel-Search?destination=Tokyo&startDate={checkinDate}&endDate={checkoutDate}&adults=2&rooms=1&f-amenities=WIFI,POOL""], ""location"": ""Japan"", ""timezone"": ""Asia/Tokyo"", ""values"": {""checkinDate"": ""{now() + timedelta(28)}"", ""checkoutDate"": ""{now() + timedelta(32)}""}, ""timestamp"": null}",real,hotels_com,travel,hotel_search,medium,Must apply f-amenities=WIFI and POOL. Work and swim context are distractions.,35,validation,null
hotels_com/filter_combo/3,"{""_target_"": ""navi_bench.hotels_com.hotels_com_url_match.generate_task_config"", ""url"": ""https://www.hotels.com/"", ""task"": ""I'm looking for budget hotels in Barcelona -- nothing over $150 per night. 2 adults, 1 room. {checkinDate} to {checkoutDate}."", ""gt_url"": [""https://www.hotels.com/Hotel-Search?destination=Barcelona&startDate={checkinDate}&endDate={checkoutDate}&adults=2&rooms=1&f-price-max=150""], ""location"": ""Spain"", ""timezone"": ""Europe/Madrid"", ""values"": {""checkinDate"": ""{now() + timedelta(10)}"", ""checkoutDate"": ""{now() + timedelta(14)}""}, ""timestamp"": null}",real,hotels_com,travel,hotel_search,medium,Must apply f-price-max=150 filter.,35,validation,null
hotels_com/filter_combo/4,"{""_target_"": ""navi_bench.hotels_com.hotels_com_url_match.generate_task_config"", ""url"": ""https://www.hotels.com/"", ""task"": ""Find hotels in Miami between $100 and $250 per night. 2 adults, 1 room. {checkinDate} to {checkoutDate}. We're on a budget but don't want anything too cheap."", ""gt_url"": [""https://www.hotels.com/Hotel-Search?destination=Miami&startDate={checkinDate}&endDate={checkoutDate}&adults=2&rooms=1&f-price-min=100&f-price-max=250""], ""location"": ""United States"", ""timezone"": ""America/New_York"", ""values"": {""checkinDate"": ""{now() + timedelta(15)}"", ""checkoutDate"": ""{now() + timedelta(19)}""}, ""timestamp"": null}",real,hotels_com,travel,hotel_search,medium,Must apply both price-min and price-max filters.,35,validation,null
hotels_com/sort_and_filter/0,"{""_target_"": ""navi_bench.hotels_com.hotels_com_url_match.generate_task_config"", ""url"": ""https://www.hotels.com/"", ""task"": ""Find 5-star hotels in Dubai sorted by lowest price. 2 adults, 1 room. {checkinDate} to {checkoutDate}. I want luxury at the best value."", ""gt_url"": [""https://www.hotels.com/Hotel-Search?destination=Dubai&startDate={checkinDate}&endDate={checkoutDate}&adults=2&rooms=1&sort=PRICE_LOW_TO_HIGH&f-star-rating=5""], ""location"": ""United Arab Emirates"", ""timezone"": ""Asia/Dubai"", ""values"": {""checkinDate"": ""{now() + timedelta(21)}"", ""checkoutDate"": ""{now() + timedelta(25)}""}, ""timestamp"": null}",real,hotels_com,travel,hotel_search,hard,Must combine sort=PRICE_LOW_TO_HIGH with f-star-rating=5.,40,validation,null
hotels_com/sort_and_filter/1,"{""_target_"": ""navi_bench.hotels_com.hotels_com_url_match.generate_task_config"", ""url"": ""https://www.hotels.com/"", ""task"": ""Search for hotels in Rome with free breakfast and WiFi, sorted by guest rating. 2 adults, 1 room. {checkinDate} to {checkoutDate}. We care most about what other guests think."", ""gt_url"": [""https://www.hotels.com/Hotel-Search?destination=Rome&startDate={checkinDate}&endDate={checkoutDate}&adults=2&rooms=1&sort=GUEST_RATING&f-amenities=FREE_BREAKFAST,WIFI""], ""location"": ""Italy"", ""timezone"": ""Europe/Rome"", ""values"": {""checkinDate"": ""{now() + timedelta(14)}"", ""checkoutDate"": ""{now() + timedelta(18)}""}, ""timestamp"": null}",real,hotels_com,travel,hotel_search,hard,Must combine sort=GUEST_RATING with amenities filter. Two amenities needed.,40,validation,null
hotels_com/sort_and_filter/2,"{""_target_"": ""navi_bench.hotels_com.hotels_com_url_match.generate_task_config"", ""url"": ""https://www.hotels.com/"", ""task"": ""Find 4-star and 5-star hotels with free cancellation in Paris, sorted by price low to high. 2 adults, 1 room. {checkinDate} to {checkoutDate}. I want the cheapest luxury option that I can cancel."", ""gt_url"": [""https://www.hotels.com/Hotel-Search?destination=Paris&startDate={checkinDate}&endDate={checkoutDate}&adults=2&rooms=1&sort=PRICE_LOW_TO_HIGH&f-star-rating=4,5&paymentType=FREE_CANCELLATION""], ""location"": ""France"", ""timezone"": ""Europe/Paris"", ""values"": {""checkinDate"": ""{now() + timedelta(18)}"", ""checkoutDate"": ""{now() + timedelta(22)}""}, ""timestamp"": null}",real,hotels_com,travel,hotel_search,hard,Triple combo: sort + star rating + payment type. Must apply all three.,40,validation,null
hotels_com/sort_and_filter/3,"{""_target_"": ""navi_bench.hotels_com.hotels_com_url_match.generate_task_config"", ""url"": ""https://www.hotels.com/"", ""task"": ""Hotels in Singapore with a pool and gym, between $100 and $300 per night, sorted by star rating highest first. 2 adults, 1 room. {checkinDate} to {checkoutDate}."", ""gt_url"": [""https://www.hotels.com/Hotel-Search?destination=Singapore&startDate={checkinDate}&endDate={checkoutDate}&adults=2&rooms=1&sort=STAR_RATING_HIGHEST_FIRST&f-amenities=GYM,POOL&f-price-min=100&f-price-max=300""], ""location"": ""Singapore"", ""timezone"": ""Asia/Singapore"", ""values"": {""checkinDate"": ""{now() + timedelta(25)}"", ""checkoutDate"": ""{now() + timedelta(29)}""}, ""timestamp"": null}",real,hotels_com,travel,hotel_search,hard,Quad combo: sort + amenities + price range. All four must be applied.,40,validation,null
hotels_com/sort_and_filter/4,"{""_target_"": ""navi_bench.hotels_com.hotels_com_url_match.generate_task_config"", ""url"": ""https://www.hotels.com/"", ""task"": ""Find 3-star, 4-star, and 5-star hotels in Berlin with free parking and WiFi. Sort by lowest price. Under $200 per night. 2 adults, 1 room. {checkinDate} to {checkoutDate}. We're driving there so parking is essential."", ""gt_url"": [""https://www.hotels.com/Hotel-Search?destination=Berlin&startDate={checkinDate}&endDate={checkoutDate}&adults=2&rooms=1&sort=PRICE_LOW_TO_HIGH&f-star-rating=3,4,5&f-amenities=FREE_PARKING,WIFI&f-price-max=200""], ""location"": ""Germany"", ""timezone"": ""Europe/Berlin"", ""values"": {""checkinDate"": ""{now() + timedelta(12)}"", ""checkoutDate"": ""{now() + timedelta(16)}""}, ""timestamp"": null}",real,hotels_com,travel,hotel_search,hard,Five-way combo: sort + star + amenities + price. Parking context is not a red herring.,40,validation,null
hotels_com/guest_math/0,"{""_target_"": ""navi_bench.hotels_com.hotels_com_url_match.generate_task_config"", ""url"": ""https://www.hotels.com/"", ""task"": ""My wife and I (2 adults) are traveling with our two kids -- a 5-year-old and a 10-year-old. 1 room. Find hotels in Orlando for {checkinDate} to {checkoutDate}."", ""gt_url"": [""https://www.hotels.com/Hotel-Search?destination=Orlando&startDate={checkinDate}&endDate={checkoutDate}&adults=2&rooms=1&children=1_5,1_10""], ""location"": ""United States"", ""timezone"": ""America/New_York"", ""values"": {""checkinDate"": ""{now() + timedelta(21)}"", ""checkoutDate"": ""{now() + timedelta(28)}""}, ""timestamp"": null}",real,hotels_com,travel,hotel_search,hard,Must encode children with RoomIdx_Age format: children=1_5 and 1_10.,40,validation,null
hotels_com/guest_math/1,"{""_target_"": ""navi_bench.hotels_com.hotels_com_url_match.generate_task_config"", ""url"": ""https://www.hotels.com/"", ""task"": ""Family trip! Me, my husband, and our three kids (ages 3, 7, and 12) need a hotel in Cancun. 1 room, check-in {checkinDate}, check-out {checkoutDate}. The 3-year-old won't need much space but she still counts as a guest."", ""gt_url"": [""https://www.hotels.com/Hotel-Search?destination=Cancun&startDate={checkinDate}&endDate={checkoutDate}&adults=2&rooms=1&children=1_3,1_7,1_12""], ""location"": ""Mexico"", ""timezone"": ""America/Cancun"", ""values"": {""checkinDate"": ""{now() + timedelta(28)}"", ""checkoutDate"": ""{now() + timedelta(35)}""}, ""timestamp"": null}",real,hotels_com,travel,hotel_search,hard,Three children with RoomIdx_Age format. Must encode all three ages correctly.,40,validation,null
hotels_com/guest_math/2,"{""_target_"": ""navi_bench.hotels_com.hotels_com_url_match.generate_task_config"", ""url"": ""https://www.hotels.com/"", ""task"": ""My siblings and I are planning a trip. My older brother and his wife (2 adults), my younger sister (1 adult), and me and my girlfriend (2 adults). That's 5 adults total. My brother has twin daughters who are 8. So 5 adults and 2 children. We need 2 rooms in London. {checkinDate} to {checkoutDate}."", ""gt_url"": [""https://www.hotels.com/Hotel-Search?destination=London&startDate={checkinDate}&endDate={checkoutDate}&adults=5&rooms=2&children=1_8,1_8""], ""location"": ""United Kingdom"", ""timezone"": ""Europe/London"", ""values"": {""checkinDate"": ""{now() + timedelta(14)}"", ""checkoutDate"": ""{now() + timedelta(18)}""}, ""timestamp"": null}",real,hotels_com,travel,hotel_search,hard,Family math: must count 5 adults from descriptions. Twin children (same age 8).,40,validation,null
hotels_com/guest_math/3,"{""_target_"": ""navi_bench.hotels_com.hotels_com_url_match.generate_task_config"", ""url"": ""https://www.hotels.com/"", ""task"": ""Conference group booking: me, my 3 colleagues, and our project manager. That's 5 adults. We also have an intern who's 17 -- she counts as an adult for Hotels.com purposes since she's over 17. So 6 adults total. 3 rooms in San Francisco. {checkinDate} to {checkoutDate}. The venue is near Union Square but that's not relevant for the hotel search."", ""gt_url"": [""https://www.hotels.com/Hotel-Search?destination=San%20Francisco&startDate={checkinDate}&endDate={checkoutDate}&adults=6&rooms=3""], ""location"": ""United States"", ""timezone"": ""America/Los_Angeles"", ""values"": {""checkinDate"": ""{now() + timedelta(10)}"", ""checkoutDate"": ""{now() + timedelta(13)}""}, ""timestamp"": null}",real,hotels_com,travel,hotel_search,hard,Must count correctly: 5 + 1 intern = 6 adults. Intern is adult on Hotels.com. Venue is red herring.,40,validation,null
hotels_com/unreliable_narrator/0,"{""_target_"": ""navi_bench.hotels_com.hotels_com_url_match.generate_task_config"", ""url"": ""https://www.hotels.com/"", ""task"": ""I need a hotel in New York -- no wait, actually we changed our minds and want to go to Chicago instead. Hmm, my wife just texted and says she'd rather go to New York after all. FINAL: New York. 2 adults, 1 room. {checkinDate} to {checkoutDate}."", ""gt_url"": [""https://www.hotels.com/Hotel-Search?destination=New%20York&startDate={checkinDate}&endDate={checkoutDate}&adults=2&rooms=1""], ""location"": ""United States"", ""timezone"": ""America/New_York"", ""values"": {""checkinDate"": ""{now() + timedelta(14)}"", ""checkoutDate"": ""{now() + timedelta(18)}""}, ""timestamp"": null}",real,hotels_com,travel,hotel_search,hard,Destination changes twice. Must track FINAL destination: New York.,40,validation,null
hotels_com/unreliable_narrator/1,"{""_target_"": ""navi_bench.hotels_com.hotels_com_url_match.generate_task_config"", ""url"": ""https://www.hotels.com/"", ""task"": ""Booking a hotel for my work trip. Just me, 1 adult. Wait -- my colleague Sarah is coming too. Make that 2 adults. Oh and our boss decided to join at the last minute. 3 adults now. But Sarah just said she's driving and will stay at her sister's place, so take her out. Back to 2 adults. 1 room in Boston. {checkinDate} to {checkoutDate}."", ""gt_url"": [""https://www.hotels.com/Hotel-Search?destination=Boston&startDate={checkinDate}&endDate={checkoutDate}&adults=2&rooms=1""], ""location"": ""United States"", ""timezone"": ""America/New_York"", ""values"": {""checkinDate"": ""{now() + timedelta(10)}"", ""checkoutDate"": ""{now() + timedelta(13)}""}, ""timestamp"": null}",real,hotels_com,travel,hotel_search,hard,Adult count changes: 1 → 2 → 3 → 2. Must track FINAL count.,40,validation,null
hotels_com/unreliable_narrator/2,"{""_target_"": ""navi_bench.hotels_com.hotels_com_url_match.generate_task_config"", ""url"": ""https://www.hotels.com/"", ""task"": ""We want a 5-star hotel -- actually, that's way too pricey. Let's look at 4-star instead. Hmm, my wife says 4-star is still too fancy for what we need. Fine, 3-star then. Wait wait wait -- we just got a bonus at work! Back to 4-star and 5-star, the original plan. 2 adults, 1 room in Paris. {checkinDate} to {checkoutDate}. Sort by price low to high so we can see what 5-star luxury costs."", ""gt_url"": [""https://www.hotels.com/Hotel-Search?destination=Paris&startDate={checkinDate}&endDate={checkoutDate}&adults=2&rooms=1&sort=PRICE_LOW_TO_HIGH&f-star-rating=4,5""], ""location"": ""France"", ""timezone"": ""Europe/Paris"", ""values"": {""checkinDate"": ""{now() + timedelta(18)}"", ""checkoutDate"": ""{now() + timedelta(22)}""}, ""timestamp"": null}",real,hotels_com,travel,hotel_search,hard,Star rating changes: 5 → 4 → 3 → 4 and 5. Must track FINAL: 4 and 5 star + sort.,40,validation,null
hotels_com/unreliable_narrator/3,"{""_target_"": ""navi_bench.hotels_com.hotels_com_url_match.generate_task_config"", ""url"": ""https://www.hotels.com/"", ""task"": ""Sort by cheapest -- no, sort by guest rating. Actually, I want the closest to downtown. Hold on... cheapest makes more sense for our budget. FINAL answer: sort by lowest price. Hotels in Tokyo, 2 adults, 1 room. {checkinDate} to {checkoutDate}."", ""gt_url"": [""https://www.hotels.com/Hotel-Search?destination=Tokyo&startDate={checkinDate}&endDate={checkoutDate}&adults=2&rooms=1&sort=PRICE_LOW_TO_HIGH""], ""location"": ""Japan"", ""timezone"": ""Asia/Tokyo"", ""values"": {""checkinDate"": ""{now() + timedelta(21)}"", ""checkoutDate"": ""{now() + timedelta(25)}""}, ""timestamp"": null}",real,hotels_com,travel,hotel_search,hard,Sort changes 4 times. FINAL is PRICE_LOW_TO_HIGH.,40,validation,null
hotels_com/unreliable_narrator/4,"{""_target_"": ""navi_bench.hotels_com.hotels_com_url_match.generate_task_config"", ""url"": ""https://www.hotels.com/"", ""task"": ""We need 3 rooms -- actually no, 2 rooms should be enough. My parents said they'll get their own room separately, so we don't need to include them. Wait, they changed their mind and want us to book for them too. So back to 3 rooms. 6 adults total (me, my wife, my parents, my brother, his wife). {checkinDate} to {checkoutDate} in Rome."", ""gt_url"": [""https://www.hotels.com/Hotel-Search?destination=Rome&startDate={checkinDate}&endDate={checkoutDate}&adults=6&rooms=3""], ""location"": ""Italy"", ""timezone"": ""Europe/Rome"", ""values"": {""checkinDate"": ""{now() + timedelta(14)}"", ""checkoutDate"": ""{now() + timedelta(18)}""}, ""timestamp"": null}",real,hotels_com,travel,hotel_search,hard,Room count changes: 3 → 2 → 3. Must count 6 adults from family description.,40,validation,null
hotels_com/unreliable_narrator/5,"{""_target_"": ""navi_bench.hotels_com.hotels_com_url_match.generate_task_config"", ""url"": ""https://www.hotels.com/"", ""task"": ""I want free cancellation -- actually, I'm sure about my dates so I don't need that. The cheapest option is fine. Wait, my flight might get cancelled due to weather. Better add free cancellation after all. Also I need WiFi for work calls. 2 adults, 1 room in Amsterdam. {checkinDate} to {checkoutDate}. Sort by lowest price."", ""gt_url"": [""https://www.hotels.com/Hotel-Search?destination=Amsterdam&startDate={checkinDate}&endDate={checkoutDate}&adults=2&rooms=1&sort=PRICE_LOW_TO_HIGH&f-amenities=WIFI&paymentType=FREE_CANCELLATION""], ""location"": ""Netherlands"", ""timezone"": ""Europe/Amsterdam"", ""values"": {""checkinDate"": ""{now() + timedelta(10)}"", ""checkoutDate"": ""{now() + timedelta(14)}""}, ""timestamp"": null}",real,hotels_com,travel,hotel_search,hard,Free cancellation toggles: yes → no → yes. Must apply sort + WiFi + free cancellation.,40,validation,null
hotels_com/destination_disambiguation/0,"{""_target_"": ""navi_bench.hotels_com.hotels_com_url_match.generate_task_config"", ""url"": ""https://www.hotels.com/"", ""task"": ""I need a hotel in the Big Apple -- you know, the city that never sleeps. Times Square, Broadway, Central Park -- that place. 2 adults, 1 room. {checkinDate} to {checkoutDate}."", ""gt_url"": [""https://www.hotels.com/Hotel-Search?destination=New%20York&startDate={checkinDate}&endDate={checkoutDate}&adults=2&rooms=1""], ""location"": ""United States"", ""timezone"": ""America/New_York"", ""values"": {""checkinDate"": ""{now() + timedelta(14)}"", ""checkoutDate"": ""{now() + timedelta(18)}""}, ""timestamp"": null}",real,hotels_com,travel,hotel_search,hard,Must resolve Big Apple to New York. Landmark clues confirm.,40,validation,null
hotels_com/destination_disambiguation/1,"{""_target_"": ""navi_bench.hotels_com.hotels_com_url_match.generate_task_config"", ""url"": ""https://www.hotels.com/"", ""task"": ""Searching for a hotel in the City of Light -- the one with the Eiffel Tower and the Louvre, not some random town. 2 adults, 1 room. {checkinDate} to {checkoutDate}. Sort by star rating highest first."", ""gt_url"": [""https://www.hotels.com/Hotel-Search?destination=Paris&startDate={checkinDate}&endDate={checkoutDate}&adults=2&rooms=1&sort=STAR_RATING_HIGHEST_FIRST""], ""location"": ""France"", ""timezone"": ""Europe/Paris"", ""values"": {""checkinDate"": ""{now() + timedelta(21)}"", ""checkoutDate"": ""{now() + timedelta(25)}""}, ""timestamp"": null}",real,hotels_com,travel,hotel_search,hard,Must resolve City of Light to Paris. Landmark clues confirm.,40,validation,null
hotels_com/destination_disambiguation/2,"{""_target_"": ""navi_bench.hotels_com.hotels_com_url_match.generate_task_config"", ""url"": ""https://www.hotels.com/"", ""task"": ""We're visiting the Eternal City -- home of the Colosseum, the Vatican (well, technically next door), and incredible pasta. Find us a hotel. 2 adults, 1 room. {checkinDate} to {checkoutDate}."", ""gt_url"": [""https://www.hotels.com/Hotel-Search?destination=Rome&startDate={checkinDate}&endDate={checkoutDate}&adults=2&rooms=1""], ""location"": ""Italy"", ""timezone"": ""Europe/Rome"", ""values"": {""checkinDate"": ""{now() + timedelta(12)}"", ""checkoutDate"": ""{now() + timedelta(16)}""}, ""timestamp"": null}",real,hotels_com,travel,hotel_search,hard,Must resolve Eternal City to Rome. Colosseum and Vatican confirm.,40,validation,null
hotels_com/destination_disambiguation/3,"{""_target_"": ""navi_bench.hotels_com.hotels_com_url_match.generate_task_config"", ""url"": ""https://www.hotels.com/"", ""task"": ""I'm heading to Sin City for a bachelor party. You know -- the Strip, Bellagio fountains, poker tables. NOT the one in Macau, the American one. 4 adults, 2 rooms. {checkinDate} to {checkoutDate}."", ""gt_url"": [""https://www.hotels.com/Hotel-Search?destination=Las%20Vegas&startDate={checkinDate}&endDate={checkoutDate}&adults=4&rooms=2""], ""location"": ""United States"", ""timezone"": ""America/Los_Angeles"", ""values"": {""checkinDate"": ""{now() + timedelta(18)}"", ""checkoutDate"": ""{now() + timedelta(21)}""}, ""timestamp"": null}",real,hotels_com,travel,hotel_search,hard,Must resolve Sin City to Las Vegas. Macau disambiguation is explicit.,40,validation,null
hotels_com/destination_disambiguation/4,"{""_target_"": ""navi_bench.hotels_com.hotels_com_url_match.generate_task_config"", ""url"": ""https://www.hotels.com/"", ""task"": ""Hotel near the Harbour Bridge and the Opera House -- the iconic ones with the white sails and the arch bridge. The city in Australia, not any other place with a harbour bridge. 2 adults, 1 room. {checkinDate} to {checkoutDate}."", ""gt_url"": [""https://www.hotels.com/Hotel-Search?destination=Sydney&startDate={checkinDate}&endDate={checkoutDate}&adults=2&rooms=1""], ""location"": ""Australia"", ""timezone"": ""Australia/Sydney"", ""values"": {""checkinDate"": ""{now() + timedelta(30)}"", ""checkoutDate"": ""{now() + timedelta(35)}""}, ""timestamp"": null}",real,hotels_com,travel,hotel_search,hard,Must resolve to Sydney from landmark clues. Australia confirmed explicitly.,40,validation,null
hotels_com/children_complex/0,"{""_target_"": ""navi_bench.hotels_com.hotels_com_url_match.generate_task_config"", ""url"": ""https://www.hotels.com/"", ""task"": ""Big family trip: me, my wife, and our 4 kids -- triplets who are all 6 years old and a teenager who's 14. That's 2 adults and 4 children (6, 6, 6, 14). 1 room in Orlando. {checkinDate} to {checkoutDate}. The kids are going crazy about Disney but the hotel search doesn't care about that."", ""gt_url"": [""https://www.hotels.com/Hotel-Search?destination=Orlando&startDate={checkinDate}&endDate={checkoutDate}&adults=2&rooms=1&children=1_6,1_6,1_6,1_14""], ""location"": ""United States"", ""timezone"": ""America/New_York"", ""values"": {""checkinDate"": ""{now() + timedelta(28)}"", ""checkoutDate"": ""{now() + timedelta(35)}""}, ""timestamp"": null}",real,hotels_com,travel,hotel_search,hard,Triplets (3 same age) + teenager. Must list all 4 children with correct ages including repeated ones.,40,validation,null
hotels_com/children_complex/1,"{""_target_"": ""navi_bench.hotels_com.hotels_com_url_match.generate_task_config"", ""url"": ""https://www.hotels.com/"", ""task"": ""My neighbor asked me to book for her family. It's her (1 adult), her husband (1 adult), and their baby who's 11 months old. On Hotels.com, even babies need to be listed as children. So that's 2 adults and 1 child (age 0 or 1). Let me say age 1 since she'll turn 1 next month. 1 room in San Diego. {checkinDate} to {checkoutDate}."", ""gt_url"": [""https://www.hotels.com/Hotel-Search?destination=San%20Diego&startDate={checkinDate}&endDate={checkoutDate}&adults=2&rooms=1&children=1_1""], ""location"": ""United States"", ""timezone"": ""America/Los_Angeles"", ""values"": {""checkinDate"": ""{now() + timedelta(10)}"", ""checkoutDate"": ""{now() + timedelta(14)}""}, ""timestamp"": null}",real,hotels_com,travel,hotel_search,hard,Baby listed as child age 1. Must encode children=1_1 in RoomIdx_Age format.,40,validation,null
hotels_com/children_complex/2,"{""_target_"": ""navi_bench.hotels_com.hotels_com_url_match.generate_task_config"", ""url"": ""https://www.hotels.com/"", ""task"": ""School field trip supervision: me (1 adult) chaperoning 3 students ages 10, 12, and 15 to Washington DC. 1 room (I know, cramped). {checkinDate} to {checkoutDate}. The kids are excited about the Smithsonian but I just need the hotel."", ""gt_url"": [""https://www.hotels.com/Hotel-Search?destination=Washington&startDate={checkinDate}&endDate={checkoutDate}&adults=1&rooms=1&children=1_10,1_12,1_15""], ""location"": ""United States"", ""timezone"": ""America/New_York"", ""values"": {""checkinDate"": ""{now() + timedelta(18)}"", ""checkoutDate"": ""{now() + timedelta(20)}""}, ""timestamp"": null}",real,hotels_com,travel,hotel_search,hard,1 adult + 3 children. Smithsonian is a red herring.,40,validation,null
hotels_com/multi_room/0,"{""_target_"": ""navi_bench.hotels_com.hotels_com_url_match.generate_task_config"", ""url"": ""https://www.hotels.com/"", ""task"": ""We need 3 rooms for 6 adults in Las Vegas. Check-in {checkinDate}, check-out {checkoutDate}. Two people per room."", ""gt_url"": [""https://www.hotels.com/Hotel-Search?destination=Las%20Vegas&startDate={checkinDate}&endDate={checkoutDate}&adults=6&rooms=3""], ""location"": ""United States"", ""timezone"": ""America/Los_Angeles"", ""values"": {""checkinDate"": ""{now() + timedelta(14)}"", ""checkoutDate"": ""{now() + timedelta(17)}""}, ""timestamp"": null}",real,hotels_com,travel,hotel_search,medium,Multi-room basic search. 6 adults in 3 rooms.,35,validation,null
hotels_com/multi_room/1,"{""_target_"": ""navi_bench.hotels_com.hotels_com_url_match.generate_task_config"", ""url"": ""https://www.hotels.com/"", ""task"": ""Two couples traveling together -- 4 adults, 2 rooms. Each couple gets their own room. Hotels in Lisbon. {checkinDate} to {checkoutDate}. Filter for 4-star and above."", ""gt_url"": [""https://www.hotels.com/Hotel-Search?destination=Lisbon&startDate={checkinDate}&endDate={checkoutDate}&adults=4&rooms=2&f-star-rating=4,5""], ""location"": ""Portugal"", ""timezone"": ""Europe/Lisbon"", ""values"": {""checkinDate"": ""{now() + timedelta(21)}"", ""checkoutDate"": ""{now() + timedelta(26)}""}, ""timestamp"": null}",real,hotels_com,travel,hotel_search,hard,Multi-room with star filter. Must apply both rooms=2 and star rating filter.,40,validation,null
hotels_com/multi_room/2,"{""_target_"": ""navi_bench.hotels_com.hotels_com_url_match.generate_task_config"", ""url"": ""https://www.hotels.com/"", ""task"": ""Family reunion: my parents (2 adults), me and my wife (2 more adults), and my brother and his wife (2 more adults). Total 6 adults. We also have 3 kids between us -- mine are 4 and 8, and my brother's son is 11. We need 3 rooms in Hawaii. {checkinDate} to {checkoutDate}."", ""gt_url"": [""https://www.hotels.com/Hotel-Search?destination=Hawaii&startDate={checkinDate}&endDate={checkoutDate}&adults=6&rooms=3&children=1_4,1_8,1_11""], ""location"": ""United States"", ""timezone"": ""Pacific/Honolulu"", ""values"": {""checkinDate"": ""{now() + timedelta(35)}"", ""checkoutDate"": ""{now() + timedelta(42)}""}, ""timestamp"": null}",real,hotels_com,travel,hotel_search,hard,Multi-room with children. Must count 6 adults from family tree and 3 children.,40,validation,null
hotels_com/update_chain/0,"{""_target_"": ""navi_bench.hotels_com.hotels_com_url_match.generate_task_config"", ""url"": ""https://www.hotels.com/"", ""task"": ""Find hotels in Bangkok. 2 adults, 1 room. {checkinDate} to {checkoutDate}. UPDATE: Add free breakfast filter. UPDATE 2: Also add pool. UPDATE 3: Sort by lowest price. FINAL: Bangkok, 2 adults, 1 room, sorted by price low to high, with free breakfast and pool."", ""gt_url"": [""https://www.hotels.com/Hotel-Search?destination=Bangkok&startDate={checkinDate}&endDate={checkoutDate}&adults=2&rooms=1&sort=PRICE_LOW_TO_HIGH&f-amenities=FREE_BREAKFAST,POOL""], ""location"": ""Thailand"", ""timezone"": ""Asia/Bangkok"", ""values"": {""checkinDate"": ""{now() + timedelta(21)}"", ""checkoutDate"": ""{now() + timedelta(25)}""}, ""timestamp"": null}",real,hotels_com,travel,hotel_search,hard,Sequential updates adding filters. Must apply all three updates to the base search.,40,validation,null
hotels_com/update_chain/1,"{""_target_"": ""navi_bench.hotels_com.hotels_com_url_match.generate_task_config"", ""url"": ""https://www.hotels.com/"", ""task"": ""Starting point: 2 adults, 1 room in London, {checkinDate} to {checkoutDate}. CHANGE 1: Add my 7-year-old daughter. CHANGE 2: My wife just found out she can't come. Remove 1 adult. CHANGE 3: My mother is coming instead to help with the kid. Add her back. FINAL: 2 adults, 1 child (age 7), 1 room."", ""gt_url"": [""https://www.hotels.com/Hotel-Search?destination=London&startDate={checkinDate}&endDate={checkoutDate}&adults=2&rooms=1&children=1_7""], ""location"": ""United Kingdom"", ""timezone"": ""Europe/London"", ""values"": {""checkinDate"": ""{now() + timedelta(14)}"", ""checkoutDate"": ""{now() + timedelta(18)}""}, ""timestamp"": null}",real,hotels_com,travel,hotel_search,hard,Guest changes: +child then -adult then +adult. Must track final state: 2 adults + 1 child.,40,validation,null
hotels_com/update_chain/2,"{""_target_"": ""navi_bench.hotels_com.hotels_com_url_match.generate_task_config"", ""url"": ""https://www.hotels.com/"", ""task"": ""Hotels in Tokyo, 2 adults, 1 room. {checkinDate} to {checkoutDate}. CHANGE: Add 5-star filter. CHANGE 2: Remove 5-star, change to 4-star only. CHANGE 3: My colleague says 3-star is fine too. Make it 3 and 4 star. CHANGE 4: Actually, include 5-star as well. FINAL: 3, 4, and 5 star. Sort by guest rating."", ""gt_url"": [""https://www.hotels.com/Hotel-Search?destination=Tokyo&startDate={checkinDate}&endDate={checkoutDate}&adults=2&rooms=1&sort=GUEST_RATING&f-star-rating=3,4,5""], ""location"": ""Japan"", ""timezone"": ""Asia/Tokyo"", ""values"": {""checkinDate"": ""{now() + timedelta(18)}"", ""checkoutDate"": ""{now() + timedelta(22)}""}, ""timestamp"": null}",real,hotels_com,travel,hotel_search,hard,Star rating changes 4 times. FINAL: 3 4 and 5 star + guest rating sort.,40,validation,null
hotels_com/update_chain/3,"{""_target_"": ""navi_bench.hotels_com.hotels_com_url_match.generate_task_config"", ""url"": ""https://www.hotels.com/"", ""task"": ""Starting search: 4 adults, 2 rooms, Dubai, {checkinDate} to {checkoutDate}. UPDATE: The other couple cancelled -- down to 2 adults, 1 room. UPDATE 2: My friend is now joining with her kid (age 9). So 3 adults, 1 child, 1 room. UPDATE 3: Friend said she needs her own room. Make it 2 rooms. FINAL: 3 adults, 1 child (age 9), 2 rooms in Dubai."", ""gt_url"": [""https://www.hotels.com/Hotel-Search?destination=Dubai&startDate={checkinDate}&endDate={checkoutDate}&adults=3&rooms=2&children=1_9""], ""location"": ""United Arab Emirates"", ""timezone"": ""Asia/Dubai"", ""values"": {""checkinDate"": ""{now() + timedelta(25)}"", ""checkoutDate"": ""{now() + timedelta(30)}""}, ""timestamp"": null}",real,hotels_com,travel,hotel_search,hard,Complex update chain: rooms and guests change multiple times. Must track final state.,40,validation,null
hotels_com/ultra_complex/0,"{""_target_"": ""navi_bench.hotels_com.hotels_com_url_match.generate_task_config"", ""url"": ""https://www.hotels.com/"", ""task"": ""Planning a massive family vacation in the Big Apple. Here's who's coming: my parents (mom and dad -- 2 adults). My older sister and her husband (2 more -- that's 4). Me and my wife (2 more -- that's 6). My younger brother (single -- that's 7). My sister's kids: twins who are both 9, and a toddler who's 3. My brother doesn't have kids. My parents' anniversary is during the trip but that's irrelevant for booking. So: 7 adults, 3 children (3, 9, 9). We need 3 rooms. Checking in {checkinDate}, out {checkoutDate}. Sort by guest rating and filter for 4-star and 5-star."", ""gt_url"": [""https://www.hotels.com/Hotel-Search?destination=New%20York&startDate={checkinDate}&endDate={checkoutDate}&adults=7&rooms=3&children=1_3,1_9,1_9&sort=GUEST_RATING&f-star-rating=4,5""], ""location"": ""United States"", ""timezone"": ""America/New_York"", ""values"": {""checkinDate"": ""{now() + timedelta(28)}"", ""checkoutDate"": ""{now() + timedelta(35)}""}, ""timestamp"": null}",real,hotels_com,travel,hotel_search,hard,Complex family tree with twins. Must count 7 adults + 3 children. Combine with sort and star filter. Anniversary is red herring.,50,validation,null
hotels_com/ultra_complex/1,"{""_target_"": ""navi_bench.hotels_com.hotels_com_url_match.generate_task_config"", ""url"": ""https://www.hotels.com/"", ""task"": ""I need a hotel in the Eternal City. Let me explain who's traveling: myself, my ex-wife (we co-parent well), her new partner, and my current girlfriend. That's 4 adults. Now kids: my daughter from my first marriage (she's 12), my ex-wife's son with her new partner (he's 5). That's 2 children. We need 2 rooms. {checkinDate} to {checkoutDate}. 4-star hotels with free cancellation, sorted by lowest price. The modern family dynamic is complicated but the booking shouldn't be."", ""gt_url"": [""https://www.hotels.com/Hotel-Search?destination=Rome&startDate={checkinDate}&endDate={checkoutDate}&adults=4&rooms=2&children=1_5,1_12&sort=PRICE_LOW_TO_HIGH&f-star-rating=4&paymentType=FREE_CANCELLATION""], ""location"": ""Italy"", ""timezone"": ""Europe/Rome"", ""values"": {""checkinDate"": ""{now() + timedelta(21)}"", ""checkoutDate"": ""{now() + timedelta(26)}""}, ""timestamp"": null}",real,hotels_com,travel,hotel_search,hard,Modern blended family. Must resolve Eternal City to Rome. 4 adults + 2 children + sort + star + payment filters.,50,validation,null
hotels_com/ultra_complex/2,"{""_target_"": ""navi_bench.hotels_com.hotels_com_url_match.generate_task_config"", ""url"": ""https://www.hotels.com/"", ""task"": ""OK here's the situation. We originally needed 5 rooms for 10 colleagues in Barcelona. But then 4 people cancelled (2 couples). So now we're down to 6 people -- that's 3 rooms. Wait, one of the remaining colleagues is bringing his 13-year-old son since it's summer break. So 6 adults and 1 child. And our director insists on 4-star or 5-star with pool and WiFi. Sort by guest rating. Oh and she wants free cancellation in case the project gets axed. {checkinDate} to {checkoutDate}."", ""gt_url"": [""https://www.hotels.com/Hotel-Search?destination=Barcelona&startDate={checkinDate}&endDate={checkoutDate}&adults=6&rooms=3&children=1_13&sort=GUEST_RATING&f-star-rating=4,5&f-amenities=POOL,WIFI&paymentType=FREE_CANCELLATION""], ""location"": ""Spain"", ""timezone"": ""Europe/Madrid"", ""values"": {""checkinDate"": ""{now() + timedelta(18)}"", ""checkoutDate"": ""{now() + timedelta(22)}""}, ""timestamp"": null}",real,hotels_com,travel,hotel_search,hard,Complex: guest math changes + child added + 5 filters (sort + star + amenities + payment). Must track all updates.,50,validation,null
hotels_com/ultra_complex/3,"{""_target_"": ""navi_bench.hotels_com.hotels_com_url_match.generate_task_config"", ""url"": ""https://www.hotels.com/"", ""task"": ""Three generations going to Sin City! Grandpa and Grandma (2 adults). Mom and Dad -- that's my wife's parents actually, so my in-laws. Wait no, Grandpa and Grandma ARE my in-laws. So: my in-laws (2 adults), me and my wife (2 more = 4), and our kids -- a 4-year-old and twin 10-year-olds (yes, twins again, runs in the family). That's 4 adults and 3 children (4, 10, 10). 2 rooms. Hotels between $100 and $300 per night with pool and free parking. {checkinDate} to {checkoutDate}. Sort by distance from downtown. Grandpa's wheelchair needs don't affect the hotel search."", ""gt_url"": [""https://www.hotels.com/Hotel-Search?destination=Las%20Vegas&startDate={checkinDate}&endDate={checkoutDate}&adults=4&rooms=2&children=1_4,1_10,1_10&sort=DISTANCE&f-amenities=FREE_PARKING,POOL&f-price-min=100&f-price-max=300""], ""location"": ""United States"", ""timezone"": ""America/Los_Angeles"", ""values"": {""checkinDate"": ""{now() + timedelta(35)}"", ""checkoutDate"": ""{now() + timedelta(40)}""}, ""timestamp"": null}",real,hotels_com,travel,hotel_search,hard,Resolve Sin City to Las Vegas. Complex family with twins. 6 filters total. Wheelchair is red herring. In-law confusion.,50,validation,null
hotels_com/ultra_complex/4,"{""_target_"": ""navi_bench.hotels_com.hotels_com_url_match.generate_task_config"", ""url"": ""https://www.hotels.com/"", ""task"": ""Here's a brain teaser for you. Initially: 2 adults in the City of Light, 1 room, {checkinDate} to {checkoutDate}. UPDATE 1: My sister is joining -- 3 adults. UPDATE 2: She's bringing her kids, ages 6 and 11. UPDATE 3: My parents want in too -- 5 adults now. UPDATE 4: Dad broke his hip and they can't come. Back to 3 adults. UPDATE 5: My sister's husband CAN come after all -- 4 adults. FINAL: 4 adults, 2 children (6, 11), 2 rooms. Sort by lowest price, 4-star and 5-star only, with WiFi."", ""gt_url"": [""https://www.hotels.com/Hotel-Search?destination=Paris&startDate={checkinDate}&endDate={checkoutDate}&adults=4&rooms=2&children=1_6,1_11&sort=PRICE_LOW_TO_HIGH&f-star-rating=4,5&f-amenities=WIFI""], ""location"": ""France"", ""timezone"": ""Europe/Paris"", ""values"": {""checkinDate"": ""{now() + timedelta(21)}"", ""checkoutDate"": ""{now() + timedelta(26)}""}, ""timestamp"": null}",real,hotels_com,travel,hotel_search,hard,5 sequential updates to guest count. Must resolve City of Light to Paris. Combine final count with 3 filters. Maximum complexity.,50,validation,null
hotels_com/ultra_complex/5,"{""_target_"": ""navi_bench.hotels_com.hotels_com_url_match.generate_task_config"", ""url"": ""https://www.hotels.com/"", ""task"": ""Soccer mom booking here. I'm taking my 3 sons (ages 8, 8 -- yes they're twins -- and 14) plus two of their teammates (ages 9 and 12) to a tournament. My husband is coming as assistant coach. My friend Jessica is driving the other car with 2 more teammates but she's booking separately. So for MY booking: me + husband = 2 adults, 5 kids (8, 8, 9, 12, 14). We need 2 rooms in Dallas. {checkinDate} to {checkoutDate}. Hotels with free breakfast because feeding 5 boys is expensive. Sort by lowest price."", ""gt_url"": [""https://www.hotels.com/Hotel-Search?destination=Dallas&startDate={checkinDate}&endDate={checkoutDate}&adults=2&rooms=2&children=1_8,1_8,1_9,1_12,1_14&sort=PRICE_LOW_TO_HIGH&f-amenities=FREE_BREAKFAST""], ""location"": ""United States"", ""timezone"": ""America/Chicago"", ""values"": {""checkinDate"": ""{now() + timedelta(14)}"", ""checkoutDate"": ""{now() + timedelta(16)}""}, ""timestamp"": null}",real,hotels_com,travel,hotel_search,hard,Must exclude Jessica's group. 5 children with twins (same age). Sort + breakfast filter.,50,validation,null
hotels_com/ultra_complex/6,"{""_target_"": ""navi_bench.hotels_com.hotels_com_url_match.generate_task_config"", ""url"": ""https://www.hotels.com/"", ""task"": ""Destination wedding prep! The bride and groom (2 adults), maid of honor and her husband (2 more = 4), best man and his girlfriend (2 more = 6), and the bride's parents (2 more = 8 adults). The flower girl is the maid of honor's daughter, she's 5. The ring bearer is the best man's nephew, he's 7. So 8 adults and 2 children (5, 7). We need 4 rooms. The wedding venue is at a vineyard but we need a hotel nearby. Find hotels near the Harbour Bridge and Opera House city -- you know, the big Australian one. {checkinDate} to {checkoutDate}. 4 and 5 star with free cancellation."", ""gt_url"": [""https://www.hotels.com/Hotel-Search?destination=Sydney&startDate={checkinDate}&endDate={checkoutDate}&adults=8&rooms=4&children=1_5,1_7&f-star-rating=4,5&paymentType=FREE_CANCELLATION""], ""location"": ""Australia"", ""timezone"": ""Australia/Sydney"", ""values"": {""checkinDate"": ""{now() + timedelta(45)}"", ""checkoutDate"": ""{now() + timedelta(50)}""}, ""timestamp"": null}",real,hotels_com,travel,hotel_search,hard,Wedding party math: 8 adults from 4 couples + 2 children. Must resolve landmark clues to Sydney. Star + payment filter.,50,validation,null
hotels_com/ultra_complex/7,"{""_target_"": ""navi_bench.hotels_com.hotels_com_url_match.generate_task_config"", ""url"": ""https://www.hotels.com/"", ""task"": ""I want a hotel in... hmm, where do I want to go? The city famous for cherry blossoms and the Shibuya crossing. NOT Osaka, NOT Kyoto -- the big one with Tokyo Tower. Yes, Tokyo. OK so: me, my wife, our 3-year-old, and my elderly parents (they're 72 and 68 but count as regular adults). That's 4 adults, 1 child. Wait -- my wife's friend Yuki wants to come. 5 adults now. Yuki is bringing her daughter who's 8. FINAL: 5 adults, 2 children (3 and 8). 2 rooms. {checkinDate} to {checkoutDate}. 4-star or 5-star with pool, WiFi, and free breakfast. Sort by star rating highest first. Under $400 per night."", ""gt_url"": [""https://www.hotels.com/Hotel-Search?destination=Tokyo&startDate={checkinDate}&endDate={checkoutDate}&adults=5&rooms=2&children=1_3,1_8&sort=STAR_RATING_HIGHEST_FIRST&f-star-rating=4,5&f-amenities=FREE_BREAKFAST,POOL,WIFI&f-price-max=400""], ""location"": ""Japan"", ""timezone"": ""Asia/Tokyo"", ""values"": {""checkinDate"": ""{now() + timedelta(30)}"", ""checkoutDate"": ""{now() + timedelta(36)}""}, ""timestamp"": null}",real,hotels_com,travel,hotel_search,hard,Maximum complexity: destination disambiguation + guest updates + 6 filters (sort + star + 3 amenities + price). Elderly parents are normal adults.,50,validation,null
hotels_com/sort_search/4,"{""_target_"": ""navi_bench.hotels_com.hotels_com_url_match.generate_task_config"", ""url"": ""https://www.hotels.com/"", ""task"": ""I need a hotel in Seattle for 2 adults. 1 room, check-in {checkinDate}, check-out {checkoutDate}. Show me the cheapest options first."", ""gt_url"": [""https://www.hotels.com/Hotel-Search?destination=Seattle&startDate={checkinDate}&endDate={checkoutDate}&adults=2&rooms=1&sort=PRICE_LOW_TO_HIGH""], ""location"": ""United States"", ""timezone"": ""America/Los_Angeles"", ""values"": {""checkinDate"": ""{now() + timedelta(14)}"", ""checkoutDate"": ""{now() + timedelta(18)}""}, ""timestamp"": null}",real,hotels_com,travel,hotel_search,medium,Must map cheapest to sort=PRICE_LOW_TO_HIGH.,35,train,null
hotels_com/filter_combo/5,"{""_target_"": ""navi_bench.hotels_com.hotels_com_url_match.generate_task_config"", ""url"": ""https://www.hotels.com/"", ""task"": ""Find 3-star and 4-star hotels in Austin under $200 per night. 2 adults, 1 room. {checkinDate} to {checkoutDate}."", ""gt_url"": [""https://www.hotels.com/Hotel-Search?destination=Austin&startDate={checkinDate}&endDate={checkoutDate}&adults=2&rooms=1&f-star-rating=3,4&f-price-max=200""], ""location"": ""United States"", ""timezone"": ""America/Chicago"", ""values"": {""checkinDate"": ""{now() + timedelta(21)}"", ""checkoutDate"": ""{now() + timedelta(25)}""}, ""timestamp"": null}",real,hotels_com,travel,hotel_search,medium,Must apply star rating and max price filters.,35,validation,null
hotels_com/filter_combo/6,"{""_target_"": ""navi_bench.hotels_com.hotels_com_url_match.generate_task_config"", ""url"": ""https://www.hotels.com/"", ""task"": ""Looking for hotels in Denver with a gym and free breakfast. 2 adults, 1 room. {checkinDate} to {checkoutDate}."", ""gt_url"": [""https://www.hotels.com/Hotel-Search?destination=Denver&startDate={checkinDate}&endDate={checkoutDate}&adults=2&rooms=1&f-amenities=FREE_BREAKFAST,GYM""], ""location"": ""United States"", ""timezone"": ""America/Denver"", ""values"": {""checkinDate"": ""{now() + timedelta(10)}"", ""checkoutDate"": ""{now() + timedelta(15)}""}, ""timestamp"": null}",real,hotels_com,travel,hotel_search,medium,Must apply two amenities filters.,35,validation,null
hotels_com/sort_and_filter/5,"{""_target_"": ""navi_bench.hotels_com.hotels_com_url_match.generate_task_config"", ""url"": ""https://www.hotels.com/"", ""task"": ""Find 4-star hotels in Boston with a pool, sorted by closest distance to city center. 2 adults, 1 room. {checkinDate} to {checkoutDate}."", ""gt_url"": [""https://www.hotels.com/Hotel-Search?destination=Boston&startDate={checkinDate}&endDate={checkoutDate}&adults=2&rooms=1&sort=DISTANCE&f-star-rating=4&f-amenities=POOL""], ""location"": ""United States"", ""timezone"": ""America/New_York"", ""values"": {""checkinDate"": ""{now() + timedelta(12)}"", ""checkoutDate"": ""{now() + timedelta(16)}""}, ""timestamp"": null}",real,hotels_com,travel,hotel_search,hard,Must apply sort and multiple filters.,40,validation,null
hotels_com/guest_math/4,"{""_target_"": ""navi_bench.hotels_com.hotels_com_url_match.generate_task_config"", ""url"": ""https://www.hotels.com/"", ""task"": ""Couples retreat! Three couples traveling to Napa Valley. That means me and my wife, John and Sarah, and Mike and Emily. No kids allowed on this trip! We need 3 rooms. {checkinDate} to {checkoutDate}."", ""gt_url"": [""https://www.hotels.com/Hotel-Search?destination=Napa&startDate={checkinDate}&endDate={checkoutDate}&adults=6&rooms=3""], ""location"": ""United States"", ""timezone"": ""America/Los_Angeles"", ""values"": {""checkinDate"": ""{now() + timedelta(30)}"", ""checkoutDate"": ""{now() + timedelta(33)}""}, ""timestamp"": null}",real,hotels_com,travel,hotel_search,hard,Must infer 6 adults from 3 couples.,40,validation,null
hotels_com/guest_math/5,"{""_target_"": ""navi_bench.hotels_com.hotels_com_url_match.generate_task_config"", ""url"": ""https://www.hotels.com/"", ""task"": ""Big family gathering. My grandparents (2), my parents (2), my sister and her husband (2) and their toddler (age 2), and me (1). I don't have kids. We need 4 rooms in Orlando. {checkinDate} to {checkoutDate}."", ""gt_url"": [""https://www.hotels.com/Hotel-Search?destination=Orlando&startDate={checkinDate}&endDate={checkoutDate}&adults=7&rooms=4&children=1_2""], ""location"": ""United States"", ""timezone"": ""America/New_York"", ""values"": {""checkinDate"": ""{now() + timedelta(45)}"", ""checkoutDate"": ""{now() + timedelta(52)}""}, ""timestamp"": null}",real,hotels_com,travel,hotel_search,hard,Must sum up 7 adults correctly and include 1 child.,40,validation,null
hotels_com/unreliable_narrator/6,"{""_target_"": ""navi_bench.hotels_com.hotels_com_url_match.generate_task_config"", ""url"": ""https://www.hotels.com/"", ""task"": ""I need a hotel in Atlanta with a pool. Actually, scratch the pool, I just want free breakfast. Wait, the conference covers breakfast, so no need for that filter either. Just find me a place with free parking. 2 adults, 1 room. {checkinDate} to {checkoutDate}."", ""gt_url"": [""https://www.hotels.com/Hotel-Search?destination=Atlanta&startDate={checkinDate}&endDate={checkoutDate}&adults=2&rooms=1&f-amenities=FREE_PARKING""], ""location"": ""United States"", ""timezone"": ""America/New_York"", ""values"": {""checkinDate"": ""{now() + timedelta(14)}"", ""checkoutDate"": ""{now() + timedelta(18)}""}, ""timestamp"": null}",real,hotels_com,travel,hotel_search,hard,Amenities change multiple times. Final is FREE_PARKING only.,40,validation,null
hotels_com/unreliable_narrator/7,"{""_target_"": ""navi_bench.hotels_com.hotels_com_url_match.generate_task_config"", ""url"": ""https://www.hotels.com/"", ""task"": ""Booking a stay in Miami. Let's do 2 rooms for 4 adults. Actually, make it 1 room for 2 adults, the other couple backed out. {checkinDate} to {checkoutDate}. They just called back, they are in! Back to 2 rooms, 4 adults."", ""gt_url"": [""https://www.hotels.com/Hotel-Search?destination=Miami&startDate={checkinDate}&endDate={checkoutDate}&adults=4&rooms=2""], ""location"": ""United States"", ""timezone"": ""America/New_York"", ""values"": {""checkinDate"": ""{now() + timedelta(21)}"", ""checkoutDate"": ""{now() + timedelta(25)}""}, ""timestamp"": null}",real,hotels_com,travel,hotel_search,hard,Rooms and adults change back and forth.,40,validation,null
hotels_com/destination_disambiguation/5,"{""_target_"": ""navi_bench.hotels_com.hotels_com_url_match.generate_task_config"", ""url"": ""https://www.hotels.com/"", ""task"": ""I need a hotel in the Windy City. I want to be near Navy Pier and see the bean in Millennium Park. 2 adults, 1 room. {checkinDate} to {checkoutDate}."", ""gt_url"": [""https://www.hotels.com/Hotel-Search?destination=Chicago&startDate={checkinDate}&endDate={checkoutDate}&adults=2&rooms=1""], ""location"": ""United States"", ""timezone"": ""America/Chicago"", ""values"": {""checkinDate"": ""{now() + timedelta(10)}"", ""checkoutDate"": ""{now() + timedelta(13)}""}, ""timestamp"": null}",real,hotels_com,travel,hotel_search,hard,Windy City = Chicago.,40,validation,null
hotels_com/destination_disambiguation/6,"{""_target_"": ""navi_bench.hotels_com.hotels_com_url_match.generate_task_config"", ""url"": ""https://www.hotels.com/"", ""task"": ""Looking for a place in the Golden Gate City. Near Alcatraz and Fisherman's Wharf. 2 adults, 1 room. {checkinDate} to {checkoutDate}."", ""gt_url"": [""https://www.hotels.com/Hotel-Search?destination=San%20Francisco&startDate={checkinDate}&endDate={checkoutDate}&adults=2&rooms=1""], ""location"": ""United States"", ""timezone"": ""America/Los_Angeles"", ""values"": {""checkinDate"": ""{now() + timedelta(15)}"", ""checkoutDate"": ""{now() + timedelta(19)}""}, ""timestamp"": null}",real,hotels_com,travel,hotel_search,hard,Golden Gate City = San Francisco.,40,validation,null
hotels_com/children_complex/3,"{""_target_"": ""navi_bench.hotels_com.hotels_com_url_match.generate_task_config"", ""url"": ""https://www.hotels.com/"", ""task"": ""Taking the 5 kids to Washington DC. Me and my wife (2 adults). The kids are 2, 5, 8, 12, and 16. We somehow need to cram into 1 room. {checkinDate} to {checkoutDate}."", ""gt_url"": [""https://www.hotels.com/Hotel-Search?destination=Washington&startDate={checkinDate}&endDate={checkoutDate}&adults=2&rooms=1&children=1_2,1_5,1_8,1_12,1_16""], ""location"": ""United States"", ""timezone"": ""America/New_York"", ""values"": {""checkinDate"": ""{now() + timedelta(21)}"", ""checkoutDate"": ""{now() + timedelta(25)}""}, ""timestamp"": null}",real,hotels_com,travel,hotel_search,hard,5 children with different ages.,40,validation,null
hotels_com/multi_room/3,"{""_target_"": ""navi_bench.hotels_com.hotels_com_url_match.generate_task_config"", ""url"": ""https://www.hotels.com/"", ""task"": ""Corporate retreat to San Diego. We have 8 adults total, and we need 4 separate rooms. {checkinDate} to {checkoutDate}. Filter for 5-star hotels only, we have a good budget."", ""gt_url"": [""https://www.hotels.com/Hotel-Search?destination=San%20Diego&startDate={checkinDate}&endDate={checkoutDate}&adults=8&rooms=4&f-star-rating=5""], ""location"": ""United States"", ""timezone"": ""America/Los_Angeles"", ""values"": {""checkinDate"": ""{now() + timedelta(30)}"", ""checkoutDate"": ""{now() + timedelta(35)}""}, ""timestamp"": null}",real,hotels_com,travel,hotel_search,medium,4 rooms with 8 adults and star filter.,35,validation,null
hotels_com/update_chain/4,"{""_target_"": ""navi_bench.hotels_com.hotels_com_url_match.generate_task_config"", ""url"": ""https://www.hotels.com/"", ""task"": ""Search for hotels in Rome. 2 adults, 1 room. {checkinDate} to {checkoutDate}. UPDATE 1: Add a 5-star filter. UPDATE 2: Add 4-star as well. UPDATE 3: My parents are joining, so make it 4 adults and 2 rooms. FINAL: Rome, 4 adults, 2 rooms, 4 and 5 star."", ""gt_url"": [""https://www.hotels.com/Hotel-Search?destination=Rome&startDate={checkinDate}&endDate={checkoutDate}&adults=4&rooms=2&f-star-rating=4,5""], ""location"": ""Italy"", ""timezone"": ""Europe/Rome"", ""values"": {""checkinDate"": ""{now() + timedelta(14)}"", ""checkoutDate"": ""{now() + timedelta(20)}""}, ""timestamp"": null}",real,hotels_com,travel,hotel_search,hard,Sequential updates to star rating and room/guest count.,40,validation,null
hotels_com/ultra_complex/8,"{""_target_"": ""navi_bench.hotels_com.hotels_com_url_match.generate_task_config"", ""url"": ""https://www.hotels.com/"", ""task"": ""Going to the Windy City! Group consists of: me, my wife, my parents, and my brother with his wife. That's 6 adults. My brother has twins who are 7. So 2 kids. We need 3 rooms. {checkinDate} to {checkoutDate}. We want free breakfast and a pool. Sort by distance to center."", ""gt_url"": [""https://www.hotels.com/Hotel-Search?destination=Chicago&startDate={checkinDate}&endDate={checkoutDate}&adults=6&rooms=3&children=1_7,1_7&sort=DISTANCE&f-amenities=FREE_BREAKFAST,POOL""], ""location"": ""United States"", ""timezone"": ""America/Chicago"", ""values"": {""checkinDate"": ""{now() + timedelta(21)}"", ""checkoutDate"": ""{now() + timedelta(25)}""}, ""timestamp"": null}",real,hotels_com,travel,hotel_search,hard,"Destination disambiguation, guest math, twins, amenities, sort.",50,validation,null
hotels_com/ultra_complex/9,"{""_target_"": ""navi_bench.hotels_com.hotels_com_url_match.generate_task_config"", ""url"": ""https://www.hotels.com/"", ""task"": ""Final challenge: 3 adults (me, my partner, my mom) and 3 kids (ages 2, 5, 8). We need 2 rooms in the City of Light. {checkinDate} to {checkoutDate}. My mom wants a 5-star hotel, I just want free cancellation. Sort by guest rating."", ""gt_url"": [""https://www.hotels.com/Hotel-Search?destination=Paris&startDate={checkinDate}&endDate={checkoutDate}&adults=3&rooms=2&children=1_2,1_5,1_8&sort=GUEST_RATING&f-star-rating=5&paymentType=FREE_CANCELLATION""], ""location"": ""France"", ""timezone"": ""Europe/Paris"", ""values"": {""checkinDate"": ""{now() + timedelta(18)}"", ""checkoutDate"": ""{now() + timedelta(24)}""}, ""timestamp"": null}",real,hotels_com,travel,hotel_search,hard,Maximum complexity with everything combined.,50,validation,null
